Info: *******************************************************************
Info: Running Quartus Prime Shell
    Info: Version 21.1.0 Build 842 10/21/2021 SJ Lite Edition
    Info: Copyright (C) 2021  Intel Corporation. All rights reserved.
    Info: Your use of Intel Corporation's design tools, logic functions 
    Info: and other software and tools, and any partner logic 
    Info: functions, and any output files from any of the foregoing 
    Info: (including device programming or simulation files), and any 
    Info: associated documentation or information are expressly subject 
    Info: to the terms and conditions of the Intel Program License 
    Info: Subscription Agreement, the Intel Quartus Prime License Agreement,
    Info: the Intel FPGA IP License Agreement, or other applicable license
    Info: agreement, including, without limitation, that your use is for
    Info: the sole purpose of programming logic devices manufactured by
    Info: Intel and sold by Intel or its authorized distributors.  Please
    Info: refer to the applicable agreement for further details, at
    Info: https://fpgasoftware.intel.com/eula.
    Info: Processing started: Fri Aug 14 18:52:37 2026
Info: Command: quartus_sh --flow compile sftm
Info: Quartus(args): compile sftm
Info: Project Name = /workspace/cores/sftm/mister/sftm
Info: Revision Name = sftm
Info (125068): Revision "sftm" was previously opened in Quartus II software version 17.0.2 Standard Edition. Created Quartus Prime Default Settings File /workspace/cores/sftm/mister/sftm_assignment_defaults.qdf, which contains the default assignment setting information from Quartus II software version 17.0.2 Standard Edition.
Info (125069): Default assignment values were changed in the current version of the Quartus Prime software -- changes to default assignments values are contained in file /opt/intelFPGA_lite/21.1/quartus/linux64/assignment_defaults.qdf
Warning (125092): Tcl Script File sys/sys.qip not found
    Info (125063): set_global_assignment -name QIP_FILE sys/sys.qip
Warning (125092): Tcl Script File rtl/pll.qip not found
    Info (125063): set_global_assignment -name QIP_FILE rtl/pll.qip -qip /workspace/modules/jtframe/target/mister/syn/../hdl/sys/pll_q17.qip
Info: *******************************************************************
Info: Running Quartus Prime Shell
    Info: Version 21.1.0 Build 842 10/21/2021 SJ Lite Edition
    Info: Processing started: Fri Aug 14 18:52:38 2026
Info: Command: quartus_sh -t /workspace/modules/jtframe/target/mister/hdl/sys/build_id.tcl compile sftm sftm
Info: Quartus(args): compile sftm sftm
Info: Copied /workspace/modules/jtframe/target/mister/hdl/sys/sys_top.sdc -> /workspace/cores/sftm/mister/sys_top.sdc
Info: Copied /workspace/modules/jtframe/target/mister/hdl/sys/sftm_ram_fault.stp -> /workspace/cores/sftm/mister/sftm_ram_fault.stp
Info: Copied /workspace/modules/jtframe/target/mister/hdl/sys/sftm_bcache_fault.stp -> /workspace/cores/sftm/mister/sftm_bcache_fault.stp
Warning (125092): Tcl Script File sys/sys.qip not found
    Info (125063): set_global_assignment -name QIP_FILE sys/sys.qip
Warning (125092): Tcl Script File rtl/pll.qip not found
    Info (125063): set_global_assignment -name QIP_FILE rtl/pll.qip -qip /workspace/modules/jtframe/target/mister/syn/../hdl/sys/pll_q17.qip
Info: Generated: /workspace/cores/sftm/mister/build_id.v: `define BUILD_DATE "260814"
Info (23030): Evaluation of Tcl script /workspace/modules/jtframe/target/mister/hdl/sys/build_id.tcl was successful
Info: Quartus Prime Shell was successful. 0 errors, 2 warnings
    Info: Peak virtual memory: 827 megabytes
    Info: Processing ended: Fri Aug 14 18:52:39 2026
    Info: Elapsed time: 00:00:01
    Info: Total CPU time (on all processors): 00:00:01
Info: *******************************************************************
Info: Running Quartus Prime Analysis & Synthesis
    Info: Version 21.1.0 Build 842 10/21/2021 SJ Lite Edition
    Info: Processing started: Fri Aug 14 18:52:40 2026
Info: Command: quartus_map --read_settings_files=on --write_settings_files=off sftm -c sftm
Warning (125092): Tcl Script File sys/sys.qip not found
    Info (125063): set_global_assignment -name QIP_FILE sys/sys.qip
Warning (125092): Tcl Script File rtl/pll.qip not found
    Info (125063): set_global_assignment -name QIP_FILE rtl/pll.qip -qip /workspace/modules/jtframe/target/mister/syn/../hdl/sys/pll_q17.qip
Info (16303): High Performance Effort optimization mode selected -- timing performance will be prioritized at the potential cost of increased compilation time
Info (20030): Parallel compilation is enabled and will use 10 of the 10 processors detected
Info (12021): Found 1 design units, including 1 entities, in source file /workspace/cores/sftm/hdl/jtsftm_game.v
    Info (12023): Found entity 1: jtsftm_game File: /workspace/cores/sftm/hdl/jtsftm_game.v Line: 20
Info (12021): Found 1 design units, including 1 entities, in source file /workspace/cores/sftm/hdl/sftm_main.v
    Info (12023): Found entity 1: sftm_main File: /workspace/cores/sftm/hdl/sftm_main.v Line: 55
Info (12021): Found 1 design units, including 1 entities, in source file /workspace/cores/sftm/hdl/sftm_video.v
    Info (12023): Found entity 1: sftm_video File: /workspace/cores/sftm/hdl/sftm_video.v Line: 35
Info (12021): Found 1 design units, including 1 entities, in source file /workspace/cores/sftm/hdl/sftm_blit.v
    Info (12023): Found entity 1: sftm_blit File: /workspace/cores/sftm/hdl/sftm_blit.v Line: 35
Info (12021): Found 1 design units, including 1 entities, in source file /workspace/cores/sftm/hdl/sftm_vram.v
    Info (12023): Found entity 1: sftm_vram File: /workspace/cores/sftm/hdl/sftm_vram.v Line: 33
Info (12021): Found 1 design units, including 1 entities, in source file /workspace/cores/sftm/hdl/sftm_snd.v
    Info (12023): Found entity 1: sftm_snd File: /workspace/cores/sftm/hdl/sftm_snd.v Line: 37
Info (12021): Found 1 design units, including 1 entities, in source file /workspace/cores/sftm/hdl/sftm5506.v
    Info (12023): Found entity 1: sftm5506 File: /workspace/cores/sftm/hdl/sftm5506.v Line: 44
Info (12021): Found 2 design units, including 1 entities, in source file /workspace/cores/sftm/hdl/tg68k/TG68K.vhd
    Info (12022): Found design unit 1: TG68K-logic File: /workspace/cores/sftm/hdl/tg68k/TG68K.vhd Line: 59
    Info (12023): Found entity 1: TG68K File: /workspace/cores/sftm/hdl/tg68k/TG68K.vhd Line: 29
Info (12021): Found 2 design units, including 1 entities, in source file /workspace/cores/sftm/hdl/tg68k/TG68K_ALU.vhd
    Info (12022): Found design unit 1: TG68K_ALU-logic File: /workspace/cores/sftm/hdl/tg68k/TG68K_ALU.vhd Line: 80
    Info (12023): Found entity 1: TG68K_ALU File: /workspace/cores/sftm/hdl/tg68k/TG68K_ALU.vhd Line: 30
Info (12021): Found 1 design units, including 0 entities, in source file /workspace/cores/sftm/hdl/tg68k/TG68K_Pack.vhd
    Info (12022): Found design unit 1: TG68K_Pack File: /workspace/cores/sftm/hdl/tg68k/TG68K_Pack.vhd Line: 26
Info (12021): Found 2 design units, including 1 entities, in source file /workspace/cores/sftm/hdl/tg68k/TG68KdotC_Kernel.vhd
    Info (12022): Found design unit 1: TG68KdotC_Kernel-logic File: /workspace/cores/sftm/hdl/tg68k/TG68KdotC_Kernel.vhd Line: 145
    Info (12023): Found entity 1: TG68KdotC_Kernel File: /workspace/cores/sftm/hdl/tg68k/TG68KdotC_Kernel.vhd Line: 107
Info (12021): Found 1 design units, including 1 entities, in source file /workspace/modules/jtframe/hdl/cpu/mc6809i.v
    Info (12023): Found entity 1: mc6809i File: /workspace/modules/jtframe/hdl/cpu/mc6809i.v Line: 45
Info (12021): Found 1 design units, including 1 entities, in source file /workspace/modules/jtframe/hdl/jtframe_board.v
    Info (12023): Found entity 1: jtframe_board File: /workspace/modules/jtframe/hdl/jtframe_board.v Line: 19
Info (12021): Found 1 design units, including 1 entities, in source file /workspace/modules/jtframe/hdl/jtframe_board_sdram.v
    Info (12023): Found entity 1: jtframe_board_sdram File: /workspace/modules/jtframe/hdl/jtframe_board_sdram.v Line: 38
Info (12021): Found 1 design units, including 1 entities, in source file /workspace/modules/jtframe/hdl/jtframe_coremod.v
    Info (12023): Found entity 1: jtframe_coremod File: /workspace/modules/jtframe/hdl/jtframe_coremod.v Line: 19
Info (12021): Found 1 design units, including 1 entities, in source file /workspace/modules/jtframe/hdl/jtframe_led.v
    Info (12023): Found entity 1: jtframe_led File: /workspace/modules/jtframe/hdl/jtframe_led.v Line: 19
Info (12021): Found 1 design units, including 1 entities, in source file /workspace/modules/jtframe/hdl/jtframe_bcd_cnt.v
    Info (12023): Found entity 1: jtframe_bcd_cnt File: /workspace/modules/jtframe/hdl/jtframe_bcd_cnt.v Line: 21
Info (12021): Found 1 design units, including 1 entities, in source file /workspace/modules/jtframe/hdl/jtframe_enlarger.v
    Info (12023): Found entity 1: jtframe_enlarger File: /workspace/modules/jtframe/hdl/jtframe_enlarger.v Line: 23
Info (12021): Found 1 design units, including 1 entities, in source file /workspace/modules/jtframe/hdl/jtframe_reset.v
    Info (12023): Found entity 1: jtframe_reset File: /workspace/modules/jtframe/hdl/jtframe_reset.v Line: 19
Info (12021): Found 1 design units, including 1 entities, in source file /workspace/modules/jtframe/hdl/jtframe_uart.v
    Info (12023): Found entity 1: jtframe_uart File: /workspace/modules/jtframe/hdl/jtframe_uart.v Line: 21
Info (12021): Found 1 design units, including 1 entities, in source file /workspace/modules/jtframe/hdl/jtframe_dip.v
    Info (12023): Found entity 1: jtframe_dip File: /workspace/modules/jtframe/hdl/jtframe_dip.v Line: 19
Info (12021): Found 1 design units, including 1 entities, in source file /workspace/modules/jtframe/hdl/jtframe_sh.v
    Info (12023): Found entity 1: jtframe_sh File: /workspace/modules/jtframe/hdl/jtframe_sh.v Line: 19
Info (12021): Found 1 design units, including 1 entities, in source file /workspace/modules/jtframe/hdl/jtframe_rsthold.v
    Info (12023): Found entity 1: jtframe_rsthold File: /workspace/modules/jtframe/hdl/jtframe_rsthold.v Line: 19
Info (12021): Found 1 design units, including 1 entities, in source file /workspace/modules/jtframe/hdl/jtframe_toggle.v
    Info (12023): Found entity 1: jtframe_toggle File: /workspace/modules/jtframe/hdl/jtframe_toggle.v Line: 19
Info (12021): Found 2 design units, including 2 entities, in source file /workspace/modules/jtframe/hdl/jtframe_edge.v
    Info (12023): Found entity 1: jtframe_edge File: /workspace/modules/jtframe/hdl/jtframe_edge.v Line: 19
    Info (12023): Found entity 2: jtframe_edge_pulse File: /workspace/modules/jtframe/hdl/jtframe_edge.v Line: 50
Info (12021): Found 1 design units, including 1 entities, in source file /workspace/modules/jtframe/hdl/jtframe_countup.v
    Info (12023): Found entity 1: jtframe_countup File: /workspace/modules/jtframe/hdl/jtframe_countup.v Line: 19
Info (12021): Found 1 design units, including 1 entities, in source file /workspace/modules/jtframe/hdl/debug/jtframe_debug.v
    Info (12023): Found entity 1: jtframe_debug File: /workspace/modules/jtframe/hdl/debug/jtframe_debug.v Line: 22
Info (12021): Found 1 design units, including 1 entities, in source file /workspace/modules/jtframe/hdl/debug/jtframe_debug_bus.v
    Info (12023): Found entity 1: jtframe_debug_bus File: /workspace/modules/jtframe/hdl/debug/jtframe_debug_bus.v Line: 19
Info (12021): Found 1 design units, including 1 entities, in source file /workspace/modules/jtframe/hdl/debug/jtframe_debug_ctrl.v
    Info (12023): Found entity 1: jtframe_debug_ctrl File: /workspace/modules/jtframe/hdl/debug/jtframe_debug_ctrl.v Line: 22
Info (12021): Found 1 design units, including 1 entities, in source file /workspace/modules/jtframe/hdl/debug/jtframe_sys_info.v
    Info (12023): Found entity 1: jtframe_sys_info File: /workspace/modules/jtframe/hdl/debug/jtframe_sys_info.v Line: 21
Info (12021): Found 1 design units, including 1 entities, in source file /workspace/modules/jtframe/hdl/debug/jtframe_binhex_overlay.v
    Info (12023): Found entity 1: jtframe_binhex_overlay File: /workspace/modules/jtframe/hdl/debug/jtframe_binhex_overlay.v Line: 19
Info (12021): Found 1 design units, including 1 entities, in source file /workspace/modules/jtframe/hdl/debug/jtframe_debug_viewmux.v
    Info (12023): Found entity 1: jtframe_debug_viewmux File: /workspace/modules/jtframe/hdl/debug/jtframe_debug_viewmux.v Line: 19
Info (12021): Found 1 design units, including 1 entities, in source file /workspace/modules/jtframe/hdl/debug/jtframe_debug_keys.v
    Info (12023): Found entity 1: jtframe_debug_keys File: /workspace/modules/jtframe/hdl/debug/jtframe_debug_keys.v Line: 19
Info (12021): Found 1 design units, including 1 entities, in source file /workspace/modules/jtframe/hdl/clocking/jtframe_gated_cen.v
    Info (12023): Found entity 1: jtframe_gated_cen File: /workspace/modules/jtframe/hdl/clocking/jtframe_gated_cen.v Line: 28
Info (12021): Found 1 design units, including 1 entities, in source file /workspace/modules/jtframe/hdl/clocking/jtframe_frac_cen.v
    Info (12023): Found entity 1: jtframe_frac_cen File: /workspace/modules/jtframe/hdl/clocking/jtframe_frac_cen.v Line: 26
Info (12021): Found 1 design units, including 1 entities, in source file /workspace/modules/jtframe/hdl/clocking/jtframe_freqinfo.v
    Info (12023): Found entity 1: jtframe_freqinfo File: /workspace/modules/jtframe/hdl/clocking/jtframe_freqinfo.v Line: 19
Info (12021): Found 1 design units, including 1 entities, in source file /workspace/modules/jtframe/hdl/clocking/jtframe_pxlcen.v
    Info (12023): Found entity 1: jtframe_pxlcen File: /workspace/modules/jtframe/hdl/clocking/jtframe_pxlcen.v Line: 20
Info (12021): Found 1 design units, including 1 entities, in source file /workspace/modules/jtframe/hdl/keyboard/jtframe_keyboard.v
    Info (12023): Found entity 1: jtframe_keyboard File: /workspace/modules/jtframe/hdl/keyboard/jtframe_keyboard.v Line: 19
Info (12021): Found 1 design units, including 1 entities, in source file /workspace/modules/jtframe/hdl/keyboard/jtframe_filter_keyboard.v
    Info (12023): Found entity 1: jtframe_filter_keyboard File: /workspace/modules/jtframe/hdl/keyboard/jtframe_filter_keyboard.v Line: 24
Info (12021): Found 3 design units, including 3 entities, in source file /workspace/modules/jtframe/hdl/keyboard/jtframe_multiway.v
    Info (12023): Found entity 1: jtframe_multiway File: /workspace/modules/jtframe/hdl/keyboard/jtframe_multiway.v Line: 19
    Info (12023): Found entity 2: jtframe_multiway_framecnt File: /workspace/modules/jtframe/hdl/keyboard/jtframe_multiway.v Line: 46
    Info (12023): Found entity 3: jtframe_multiway_emu_analog File: /workspace/modules/jtframe/hdl/keyboard/jtframe_multiway.v Line: 58
Info (12021): Found 1 design units, including 1 entities, in source file /workspace/modules/jtframe/hdl/keyboard/jtframe_inputs.v
    Info (12023): Found entity 1: jtframe_inputs File: /workspace/modules/jtframe/hdl/keyboard/jtframe_inputs.v Line: 19
Info (12021): Found 5 design units, including 5 entities, in source file /workspace/modules/jtframe/hdl/keyboard/jtframe_joysticks.v
    Info (12023): Found entity 1: jtframe_joysticks File: /workspace/modules/jtframe/hdl/keyboard/jtframe_joysticks.v Line: 19
    Info (12023): Found entity 2: jtframe_merge_keyjoy File: /workspace/modules/jtframe/hdl/keyboard/jtframe_joysticks.v Line: 184
    Info (12023): Found entity 3: jtframe_joy_rotate File: /workspace/modules/jtframe/hdl/keyboard/jtframe_joysticks.v Line: 228
    Info (12023): Found entity 4: jtframe_joy_reorder File: /workspace/modules/jtframe/hdl/keyboard/jtframe_joysticks.v Line: 251
    Info (12023): Found entity 5: jtframe_joy1_pos File: /workspace/modules/jtframe/hdl/keyboard/jtframe_joysticks.v Line: 276
Info (12021): Found 2 design units, including 2 entities, in source file /workspace/modules/jtframe/hdl/keyboard/jtframe_pause.v
    Info (12023): Found entity 1: jtframe_pause File: /workspace/modules/jtframe/hdl/keyboard/jtframe_pause.v Line: 19
    Info (12023): Found entity 2: jtframe_pause_adv_frame File: /workspace/modules/jtframe/hdl/keyboard/jtframe_pause.v Line: 48
Info (12021): Found 1 design units, including 1 entities, in source file /workspace/modules/jtframe/hdl/keyboard/jtframe_rec_inputs.v
    Info (12023): Found entity 1: jtframe_rec_inputs File: /workspace/modules/jtframe/hdl/keyboard/jtframe_rec_inputs.v Line: 25
Info (12021): Found 1 design units, including 1 entities, in source file /workspace/modules/jtframe/hdl/keyboard/jtframe_paddle.v
    Info (12023): Found entity 1: jtframe_paddle File: /workspace/modules/jtframe/hdl/keyboard/jtframe_paddle.v Line: 19
Info (12021): Found 1 design units, including 1 entities, in source file /workspace/modules/jtframe/hdl/keyboard/jtframe_mouse.v
    Info (12023): Found entity 1: jtframe_mouse File: /workspace/modules/jtframe/hdl/keyboard/jtframe_mouse.v Line: 19
Info (12021): Found 2 design units, including 2 entities, in source file /workspace/modules/jtframe/hdl/keyboard/jtframe_dial.v
    Info (12023): Found entity 1: jtframe_dial File: /workspace/modules/jtframe/hdl/keyboard/jtframe_dial.v Line: 21
    Info (12023): Found entity 2: jtframe_dial_mouse File: /workspace/modules/jtframe/hdl/keyboard/jtframe_dial.v Line: 160
Info (12021): Found 2 design units, including 2 entities, in source file /workspace/modules/jtframe/hdl/keyboard/jtframe_beta_lock.v
    Info (12023): Found entity 1: jtframe_beta_lock File: /workspace/modules/jtframe/hdl/keyboard/jtframe_beta_lock.v Line: 19
    Info (12023): Found entity 2: jtframe_joystick_lock File: /workspace/modules/jtframe/hdl/keyboard/jtframe_beta_lock.v Line: 50
Info (12021): Found 1 design units, including 1 entities, in source file /workspace/modules/jtframe/hdl/keyboard/jtframe_ps2key_decoder.v
    Info (12023): Found entity 1: jtframe_ps2key_decoder File: /workspace/modules/jtframe/hdl/keyboard/jtframe_ps2key_decoder.v Line: 19
Info (12021): Found 4 design units, including 4 entities, in source file /workspace/modules/jtframe/hdl/keyboard/jt4701.v
    Info (12023): Found entity 1: jt4701 File: /workspace/modules/jtframe/hdl/keyboard/jt4701.v Line: 21
    Info (12023): Found entity 2: jt4701_axis File: /workspace/modules/jtframe/hdl/keyboard/jt4701.v Line: 85
    Info (12023): Found entity 3: jt4701_dialemu File: /workspace/modules/jtframe/hdl/keyboard/jt4701.v Line: 179
    Info (12023): Found entity 4: jt4701_dialemu_2axis File: /workspace/modules/jtframe/hdl/keyboard/jt4701.v Line: 217
Info (12021): Found 1 design units, including 1 entities, in source file /workspace/modules/jtframe/hdl/keyboard/ps2_intf_v.v
    Info (12023): Found entity 1: ps2_intf_v File: /workspace/modules/jtframe/hdl/keyboard/ps2_intf_v.v Line: 1
Info (12021): Found 1 design units, including 1 entities, in source file /workspace/modules/jtframe/hdl/lightgun/jtframe_lightgun.v
    Info (12023): Found entity 1: jtframe_lightgun File: /workspace/modules/jtframe/hdl/lightgun/jtframe_lightgun.v Line: 19
Info (12021): Found 1 design units, including 1 entities, in source file /workspace/modules/jtframe/hdl/lightgun/jtframe_lightgun_joyemu.v
    Info (12023): Found entity 1: jtframe_lightgun_joyemu File: /workspace/modules/jtframe/hdl/lightgun/jtframe_lightgun_joyemu.v Line: 19
Info (12021): Found 1 design units, including 1 entities, in source file /workspace/modules/jtframe/hdl/lightgun/jtframe_lightgun_mux.v
    Info (12023): Found entity 1: jtframe_lightgun_mux File: /workspace/modules/jtframe/hdl/lightgun/jtframe_lightgun_mux.v Line: 19
Info (12021): Found 1 design units, including 1 entities, in source file /workspace/modules/jtframe/hdl/lightgun/jtframe_lightgun_position.v
    Info (12023): Found entity 1: jtframe_lightgun_position File: /workspace/modules/jtframe/hdl/lightgun/jtframe_lightgun_position.v Line: 19
Info (12021): Found 1 design units, including 1 entities, in source file /workspace/modules/jtframe/hdl/lightgun/jtframe_lightgun_scaler.v
    Info (12023): Found entity 1: jtframe_lightgun_scaler File: /workspace/modules/jtframe/hdl/lightgun/jtframe_lightgun_scaler.v Line: 19
Info (12021): Found 1 design units, including 1 entities, in source file /workspace/modules/jtframe/hdl/lightgun/jtframe_mouse_abspos.v
    Info (12023): Found entity 1: jtframe_mouse_abspos File: /workspace/modules/jtframe/hdl/lightgun/jtframe_mouse_abspos.v Line: 18
Info (12021): Found 1 design units, including 1 entities, in source file /workspace/modules/jtframe/hdl/lightgun/jtframe_mouse_rotation.v
    Info (12023): Found entity 1: jtframe_mouse_rotation File: /workspace/modules/jtframe/hdl/lightgun/jtframe_mouse_rotation.v Line: 19
Info (12021): Found 1 design units, including 1 entities, in source file /workspace/modules/jtframe/hdl/video/jtframe_resync.v
    Info (12023): Found entity 1: jtframe_resync File: /workspace/modules/jtframe/hdl/video/jtframe_resync.v Line: 19
Info (12021): Found 1 design units, including 1 entities, in source file /workspace/modules/jtframe/hdl/video/jtframe_credits.v
    Info (12023): Found entity 1: jtframe_credits File: /workspace/modules/jtframe/hdl/video/jtframe_credits.v Line: 21
Info (12021): Found 2 design units, including 2 entities, in source file /workspace/modules/jtframe/hdl/video/jtframe_wirebw.v
    Info (12023): Found entity 1: jtframe_wirebw File: /workspace/modules/jtframe/hdl/video/jtframe_wirebw.v Line: 22
    Info (12023): Found entity 2: jtframe_wirebw_unit File: /workspace/modules/jtframe/hdl/video/jtframe_wirebw.v Line: 88
Info (12021): Found 1 design units, including 1 entities, in source file /workspace/modules/jtframe/hdl/video/jtframe_short_blank.v
    Info (12023): Found entity 1: jtframe_short_blank File: /workspace/modules/jtframe/hdl/video/jtframe_short_blank.v Line: 25
Info (12021): Found 1 design units, including 1 entities, in source file /workspace/modules/jtframe/hdl/video/jtframe_video_counter.v
    Info (12023): Found entity 1: jtframe_video_counter File: /workspace/modules/jtframe/hdl/video/jtframe_video_counter.v Line: 21
Info (12021): Found 2 design units, including 2 entities, in source file /workspace/modules/jtframe/hdl/video/jtframe_blank_length.v
    Info (12023): Found entity 1: jtframe_blank_length File: /workspace/modules/jtframe/hdl/video/jtframe_blank_length.v Line: 19
    Info (12023): Found entity 2: jtframe_sync_blank_counter File: /workspace/modules/jtframe/hdl/video/jtframe_blank_length.v Line: 102
Info (12021): Found 1 design units, including 1 entities, in source file /workspace/modules/jtframe/hdl/video/jtframe_font.v
    Info (12023): Found entity 1: jtframe_font File: /workspace/modules/jtframe/hdl/video/jtframe_font.v Line: 19
Info (12021): Found 1 design units, including 1 entities, in source file /workspace/modules/jtframe/hdl/video/jtframe_blank.v
    Info (12023): Found entity 1: jtframe_blank File: /workspace/modules/jtframe/hdl/video/jtframe_blank.v Line: 19
Info (12021): Found 1 design units, including 1 entities, in source file /workspace/modules/jtframe/hdl/video/crosshair/jtframe_crosshair_disable.v
    Info (12023): Found entity 1: jtframe_crosshair_disable File: /workspace/modules/jtframe/hdl/video/crosshair/jtframe_crosshair_disable.v Line: 19
Info (12021): Found 1 design units, including 1 entities, in source file /workspace/modules/jtframe/hdl/video/crosshair/jtframe_crosshair.v
    Info (12023): Found entity 1: jtframe_crosshair File: /workspace/modules/jtframe/hdl/video/crosshair/jtframe_crosshair.v Line: 19
Info (12021): Found 1 design units, including 1 entities, in source file /workspace/modules/jtframe/hdl/video/crosshair/jtframe_crosshair_draw.sv
    Info (12023): Found entity 1: jtframe_crosshair_draw File: /workspace/modules/jtframe/hdl/video/crosshair/jtframe_crosshair_draw.sv Line: 19
Info (12021): Found 1 design units, including 1 entities, in source file /workspace/modules/jtframe/hdl/video/crosshair/jtframe_crosshair_color.v
    Info (12023): Found entity 1: jtframe_crosshair_color File: /workspace/modules/jtframe/hdl/video/crosshair/jtframe_crosshair_color.v Line: 19
Info (12021): Found 1 design units, including 1 entities, in source file /workspace/modules/jtframe/hdl/sdram/jtframe_dwnld.v
    Info (12023): Found entity 1: jtframe_dwnld File: /workspace/modules/jtframe/hdl/sdram/jtframe_dwnld.v Line: 29
Info (12021): Found 1 design units, including 1 entities, in source file /workspace/modules/jtframe/hdl/sdram/jtframe_ioctl_range.v
    Info (12023): Found entity 1: jtframe_ioctl_range File: /workspace/modules/jtframe/hdl/sdram/jtframe_ioctl_range.v Line: 19
Info (12021): Found 1 design units, including 1 entities, in source file /workspace/modules/jtframe/hdl/sdram/jtframe_headerbyte.v
    Info (12023): Found entity 1: jtframe_headerbyte File: /workspace/modules/jtframe/hdl/sdram/jtframe_headerbyte.v Line: 22
Info (12021): Found 1 design units, including 1 entities, in source file /workspace/modules/jtframe/hdl/sdram/jtframe_sdram.v
    Info (12023): Found entity 1: jtframe_sdram File: /workspace/modules/jtframe/hdl/sdram/jtframe_sdram.v Line: 22
Info (12021): Found 1 design units, including 1 entities, in source file /workspace/modules/jtframe/hdl/sdram/jtframe_sdram64.v
    Info (12023): Found entity 1: jtframe_sdram64 File: /workspace/modules/jtframe/hdl/sdram/jtframe_sdram64.v Line: 21
Info (12021): Found 1 design units, including 1 entities, in source file /workspace/modules/jtframe/hdl/sdram/jtframe_sdram64_latch.v
    Info (12023): Found entity 1: jtframe_sdram64_latch File: /workspace/modules/jtframe/hdl/sdram/jtframe_sdram64_latch.v Line: 19
Info (12021): Found 1 design units, including 1 entities, in source file /workspace/modules/jtframe/hdl/sdram/jtframe_ramslot_ctrl.v
    Info (12023): Found entity 1: jtframe_ramslot_ctrl File: /workspace/modules/jtframe/hdl/sdram/jtframe_ramslot_ctrl.v Line: 19
Info (12021): Found 1 design units, including 1 entities, in source file /workspace/modules/jtframe/hdl/sdram/jtframe_ram1_1slot.v
    Info (12023): Found entity 1: jtframe_ram1_1slot File: /workspace/modules/jtframe/hdl/sdram/jtframe_ram1_1slot.v Line: 21
Info (12021): Found 1 design units, including 1 entities, in source file /workspace/modules/jtframe/hdl/sdram/jtframe_ram1_2slots.v
    Info (12023): Found entity 1: jtframe_ram1_2slots File: /workspace/modules/jtframe/hdl/sdram/jtframe_ram1_2slots.v Line: 21
Info (12021): Found 1 design units, including 1 entities, in source file /workspace/modules/jtframe/hdl/sdram/jtframe_ram1_3slots.v
    Info (12023): Found entity 1: jtframe_ram1_3slots File: /workspace/modules/jtframe/hdl/sdram/jtframe_ram1_3slots.v Line: 21
Info (12021): Found 1 design units, including 1 entities, in source file /workspace/modules/jtframe/hdl/sdram/jtframe_ram1_4slots.v
    Info (12023): Found entity 1: jtframe_ram1_4slots File: /workspace/modules/jtframe/hdl/sdram/jtframe_ram1_4slots.v Line: 19
Info (12021): Found 1 design units, including 1 entities, in source file /workspace/modules/jtframe/hdl/sdram/jtframe_ram1_5slots.v
    Info (12023): Found entity 1: jtframe_ram1_5slots File: /workspace/modules/jtframe/hdl/sdram/jtframe_ram1_5slots.v Line: 19
Info (12021): Found 1 design units, including 1 entities, in source file /workspace/modules/jtframe/hdl/sdram/jtframe_ram2_4slots.v
    Info (12023): Found entity 1: jtframe_ram2_4slots File: /workspace/modules/jtframe/hdl/sdram/jtframe_ram2_4slots.v Line: 19
Info (12021): Found 1 design units, including 1 entities, in source file /workspace/modules/jtframe/hdl/sdram/jtframe_ram2_5slots.v
    Info (12023): Found entity 1: jtframe_ram2_5slots File: /workspace/modules/jtframe/hdl/sdram/jtframe_ram2_5slots.v Line: 19
Info (12021): Found 1 design units, including 1 entities, in source file /workspace/modules/jtframe/hdl/sdram/jtframe_ram2_6slots.v
    Info (12023): Found entity 1: jtframe_ram2_6slots File: /workspace/modules/jtframe/hdl/sdram/jtframe_ram2_6slots.v Line: 19
Info (12021): Found 1 design units, including 1 entities, in source file /workspace/modules/jtframe/hdl/sdram/jtframe_rom_1slot.v
    Info (12023): Found entity 1: jtframe_rom_1slot File: /workspace/modules/jtframe/hdl/sdram/jtframe_rom_1slot.v Line: 23
Info (12021): Found 1 design units, including 1 entities, in source file /workspace/modules/jtframe/hdl/sdram/jtframe_rom_2slots.v
    Info (12023): Found entity 1: jtframe_rom_2slots File: /workspace/modules/jtframe/hdl/sdram/jtframe_rom_2slots.v Line: 25
Info (12021): Found 1 design units, including 1 entities, in source file /workspace/modules/jtframe/hdl/sdram/jtframe_rom_3slots.v
    Info (12023): Found entity 1: jtframe_rom_3slots File: /workspace/modules/jtframe/hdl/sdram/jtframe_rom_3slots.v Line: 25
Info (12021): Found 1 design units, including 1 entities, in source file /workspace/modules/jtframe/hdl/sdram/jtframe_rom_4slots.v
    Info (12023): Found entity 1: jtframe_rom_4slots File: /workspace/modules/jtframe/hdl/sdram/jtframe_rom_4slots.v Line: 25
Info (12021): Found 1 design units, including 1 entities, in source file /workspace/modules/jtframe/hdl/sdram/jtframe_rom_5slots.v
    Info (12023): Found entity 1: jtframe_rom_5slots File: /workspace/modules/jtframe/hdl/sdram/jtframe_rom_5slots.v Line: 25
Info (12021): Found 1 design units, including 1 entities, in source file /workspace/modules/jtframe/hdl/sdram/jtframe_rom_6slots.v
    Info (12023): Found entity 1: jtframe_rom_6slots File: /workspace/modules/jtframe/hdl/sdram/jtframe_rom_6slots.v Line: 25
Info (12021): Found 1 design units, including 1 entities, in source file /workspace/modules/jtframe/hdl/sdram/jtframe_rom_7slots.v
    Info (12023): Found entity 1: jtframe_rom_7slots File: /workspace/modules/jtframe/hdl/sdram/jtframe_rom_7slots.v Line: 25
Info (12021): Found 1 design units, including 1 entities, in source file /workspace/modules/jtframe/hdl/sdram/jtframe_romrq.v
    Info (12023): Found entity 1: jtframe_romrq File: /workspace/modules/jtframe/hdl/sdram/jtframe_romrq.v Line: 30
Info (12021): Found 1 design units, including 1 entities, in source file /workspace/modules/jtframe/hdl/sdram/jtframe_romrq_bcache.v
    Info (12023): Found entity 1: jtframe_romrq_bcache File: /workspace/modules/jtframe/hdl/sdram/jtframe_romrq_bcache.v Line: 70
Info (12021): Found 1 design units, including 1 entities, in source file /workspace/modules/jtframe/hdl/sdram/jtframe_romrq_xscache.v
    Info (12023): Found entity 1: jtframe_romrq_xscache File: /workspace/modules/jtframe/hdl/sdram/jtframe_romrq_xscache.v Line: 21
Info (12021): Found 1 design units, including 1 entities, in source file /workspace/modules/jtframe/hdl/sdram/jtframe_ucache.v
    Info (12023): Found entity 1: jtframe_ucache File: /workspace/modules/jtframe/hdl/sdram/jtframe_ucache.v Line: 19
Info (12021): Found 1 design units, including 1 entities, in source file /workspace/modules/jtframe/hdl/sdram/jtframe_rom.v
    Info (12023): Found entity 1: jtframe_rom File: /workspace/modules/jtframe/hdl/sdram/jtframe_rom.v Line: 27
Info (12021): Found 1 design units, including 1 entities, in source file /workspace/modules/jtframe/hdl/sdram/jtframe_ram_rq.v
    Info (12023): Found entity 1: jtframe_ram_rq File: /workspace/modules/jtframe/hdl/sdram/jtframe_ram_rq.v Line: 27
Info (12021): Found 1 design units, including 1 entities, in source file /workspace/modules/jtframe/hdl/sdram/jtframe_rom_sync.v
    Info (12023): Found entity 1: jtframe_rom_sync File: /workspace/modules/jtframe/hdl/sdram/jtframe_rom_sync.v Line: 19
Info (12021): Found 1 design units, including 1 entities, in source file /workspace/modules/jtframe/hdl/sdram/jtframe_cache_mux.v
    Info (12023): Found entity 1: jtframe_cache_mux File: /workspace/modules/jtframe/hdl/sdram/jtframe_cache_mux.v Line: 19
Info (12021): Found 1 design units, including 1 entities, in source file /workspace/modules/jtframe/hdl/sdram/jtframe_cache_mux_arb.v
    Info (12023): Found entity 1: jtframe_cache_mux_arb File: /workspace/modules/jtframe/hdl/sdram/jtframe_cache_mux_arb.v Line: 19
Info (12021): Found 1 design units, including 1 entities, in source file /workspace/modules/jtframe/hdl/sdram/jtframe_cache_mux_flush.v
    Info (12023): Found entity 1: jtframe_cache_mux_flush File: /workspace/modules/jtframe/hdl/sdram/jtframe_cache_mux_flush.v Line: 19
Info (12021): Found 1 design units, including 1 entities, in source file /workspace/modules/jtframe/hdl/sdram/jtframe_cache.sv
    Info (12023): Found entity 1: jtframe_cache File: /workspace/modules/jtframe/hdl/sdram/jtframe_cache.sv Line: 19
Info (12021): Found 1 design units, including 1 entities, in source file /workspace/modules/jtframe/hdl/sdram/jtframe_cache_ctrl.sv
    Info (12023): Found entity 1: jtframe_cache_ctrl File: /workspace/modules/jtframe/hdl/sdram/jtframe_cache_ctrl.sv Line: 19
Info (12021): Found 1 design units, including 1 entities, in source file /workspace/modules/jtframe/hdl/sdram/jtframe_cache_req.sv
    Info (12023): Found entity 1: jtframe_cache_req File: /workspace/modules/jtframe/hdl/sdram/jtframe_cache_req.sv Line: 19
Info (12021): Found 1 design units, including 1 entities, in source file /workspace/modules/jtframe/hdl/sdram/jtframe_cache_data.sv
    Info (12023): Found entity 1: jtframe_cache_data File: /workspace/modules/jtframe/hdl/sdram/jtframe_cache_data.sv Line: 19
Info (12021): Found 1 design units, including 1 entities, in source file /workspace/modules/jtframe/hdl/sdram/jtframe_cache_tags.sv
    Info (12023): Found entity 1: jtframe_cache_tags File: /workspace/modules/jtframe/hdl/sdram/jtframe_cache_tags.sv Line: 19
Info (12021): Found 1 design units, including 1 entities, in source file /workspace/modules/jtframe/hdl/sdram/jtframe_burst_sdram.v
    Info (12023): Found entity 1: jtframe_burst_sdram File: /workspace/modules/jtframe/hdl/sdram/jtframe_burst_sdram.v Line: 23
Info (12021): Found 1 design units, including 1 entities, in source file /workspace/modules/jtframe/hdl/sdram/jtframe_burst_mode.v
    Info (12023): Found entity 1: jtframe_burst_mode File: /workspace/modules/jtframe/hdl/sdram/jtframe_burst_mode.v Line: 19
Info (12021): Found 1 design units, including 1 entities, in source file /workspace/modules/jtframe/hdl/sdram/jtframe_burst_ctrl.v
    Info (12023): Found entity 1: jtframe_burst_ctrl File: /workspace/modules/jtframe/hdl/sdram/jtframe_burst_ctrl.v Line: 19
Info (12021): Found 1 design units, including 1 entities, in source file /workspace/modules/jtframe/hdl/sdram/jtframe_burst_mux.v
    Info (12023): Found entity 1: jtframe_burst_mux File: /workspace/modules/jtframe/hdl/sdram/jtframe_burst_mux.v Line: 19
Info (12021): Found 1 design units, including 1 entities, in source file /workspace/modules/jtframe/hdl/sdram/jtframe_burst_io.v
    Info (12023): Found entity 1: jtframe_burst_io File: /workspace/modules/jtframe/hdl/sdram/jtframe_burst_io.v Line: 33
Info (12021): Found 1 design units, including 1 entities, in source file /workspace/modules/jtframe/hdl/sdram/jtframe_sdram64_bank.v
    Info (12023): Found entity 1: jtframe_sdram64_bank File: /workspace/modules/jtframe/hdl/sdram/jtframe_sdram64_bank.v Line: 21
Info (12021): Found 1 design units, including 1 entities, in source file /workspace/modules/jtframe/hdl/sdram/jtframe_sdram64_init.v
    Info (12023): Found entity 1: jtframe_sdram64_init File: /workspace/modules/jtframe/hdl/sdram/jtframe_sdram64_init.v Line: 19
Info (12021): Found 1 design units, including 1 entities, in source file /workspace/modules/jtframe/hdl/sdram/jtframe_sdram64_rfsh.v
    Info (12023): Found entity 1: jtframe_sdram64_rfsh File: /workspace/modules/jtframe/hdl/sdram/jtframe_sdram64_rfsh.v Line: 19
Info (12021): Found 1 design units, including 1 entities, in source file /workspace/modules/jtframe/hdl/sdram/jtframe_sdram_stats.v
    Info (12023): Found entity 1: jtframe_sdram_stats File: /workspace/modules/jtframe/hdl/sdram/jtframe_sdram_stats.v Line: 21
Info (12021): Found 2 design units, including 2 entities, in source file /workspace/modules/jtframe/hdl/ram/jtframe_dual_ram.v
    Info (12023): Found entity 1: jtframe_dual_ram File: /workspace/modules/jtframe/hdl/ram/jtframe_dual_ram.v Line: 33
    Info (12023): Found entity 2: jtframe_dual_ram_cen File: /workspace/modules/jtframe/hdl/ram/jtframe_dual_ram.v Line: 98
Info (12021): Found 1 design units, including 1 entities, in source file /workspace/modules/jtframe/hdl/ram/jtframe_dual_ram16.v
    Info (12023): Found entity 1: jtframe_dual_ram16 File: /workspace/modules/jtframe/hdl/ram/jtframe_dual_ram16.v Line: 29
Info (12021): Found 1 design units, including 1 entities, in source file /workspace/modules/jtframe/hdl/ram/jtframe_dual_ram32.v
    Info (12023): Found entity 1: jtframe_dual_ram32 File: /workspace/modules/jtframe/hdl/ram/jtframe_dual_ram32.v Line: 25
Info (12021): Found 1 design units, including 1 entities, in source file /workspace/modules/jtframe/hdl/ram/jtframe_rpwp_ram.v
    Info (12023): Found entity 1: jtframe_rpwp_ram File: /workspace/modules/jtframe/hdl/ram/jtframe_rpwp_ram.v Line: 27
Info (12021): Found 1 design units, including 1 entities, in source file /workspace/modules/jtframe/hdl/ram/jtframe_bram_rom.v
    Info (12023): Found entity 1: jtframe_bram_rom File: /workspace/modules/jtframe/hdl/ram/jtframe_bram_rom.v Line: 25
Info (12021): Found 1 design units, including 1 entities, in source file /workspace/modules/jtframe/hdl/ram/jtframe_prom.v
    Info (12023): Found entity 1: jtframe_prom File: /workspace/modules/jtframe/hdl/ram/jtframe_prom.v Line: 20
Info (12021): Found 1 design units, including 1 entities, in source file /workspace/modules/jtframe/hdl/ram/jtframe_ram.v
    Info (12023): Found entity 1: jtframe_ram File: /workspace/modules/jtframe/hdl/ram/jtframe_ram.v Line: 34
Info (12021): Found 1 design units, including 1 entities, in source file /workspace/modules/jtframe/hdl/ram/jtframe_ram16.v
    Info (12023): Found entity 1: jtframe_ram16 File: /workspace/modules/jtframe/hdl/ram/jtframe_ram16.v Line: 31
Info (12021): Found 1 design units, including 1 entities, in source file /workspace/modules/jtframe/hdl/ram/jtframe_ram32.v
    Info (12023): Found entity 1: jtframe_ram32 File: /workspace/modules/jtframe/hdl/ram/jtframe_ram32.v Line: 31
Info (12021): Found 1 design units, including 1 entities, in source file /workspace/modules/jtframe/hdl/ram/jtframe_ioctl_dump.v
    Info (12023): Found entity 1: jtframe_ioctl_dump File: /workspace/modules/jtframe/hdl/ram/jtframe_ioctl_dump.v Line: 22
Info (12021): Found 2 design units, including 0 entities, in source file /workspace/modules/jtframe/hdl/cpu/pauloblaze/op_codes.vhd
    Info (12022): Found design unit 1: op_codes File: /workspace/modules/jtframe/hdl/cpu/pauloblaze/op_codes.vhd Line: 34
    Info (12022): Found design unit 2: op_codes-body File: /workspace/modules/jtframe/hdl/cpu/pauloblaze/op_codes.vhd Line: 120
Info (12021): Found 2 design units, including 1 entities, in source file /workspace/modules/jtframe/hdl/cpu/pauloblaze/alu.vhd
    Info (12022): Found design unit 1: pauloALU-Behavioral File: /workspace/modules/jtframe/hdl/cpu/pauloblaze/alu.vhd Line: 58
    Info (12023): Found entity 1: pauloALU File: /workspace/modules/jtframe/hdl/cpu/pauloblaze/alu.vhd Line: 34
Info (12021): Found 2 design units, including 1 entities, in source file /workspace/modules/jtframe/hdl/cpu/pauloblaze/decoder.vhd
    Info (12022): Found design unit 1: decoder-Behavioral File: /workspace/modules/jtframe/hdl/cpu/pauloblaze/decoder.vhd Line: 82
    Info (12023): Found entity 1: decoder File: /workspace/modules/jtframe/hdl/cpu/pauloblaze/decoder.vhd Line: 34
Info (12021): Found 2 design units, including 1 entities, in source file /workspace/modules/jtframe/hdl/cpu/pauloblaze/io_module.vhd
    Info (12022): Found design unit 1: io_module-Behavioral File: /workspace/modules/jtframe/hdl/cpu/pauloblaze/io_module.vhd Line: 60
    Info (12023): Found entity 1: io_module File: /workspace/modules/jtframe/hdl/cpu/pauloblaze/io_module.vhd Line: 34
Info (12021): Found 2 design units, including 1 entities, in source file /workspace/modules/jtframe/hdl/cpu/pauloblaze/pauloBlaze.vhd
    Info (12022): Found design unit 1: pauloBlaze-Behavioral File: /workspace/modules/jtframe/hdl/cpu/pauloblaze/pauloBlaze.vhd Line: 62
    Info (12023): Found entity 1: pauloBlaze File: /workspace/modules/jtframe/hdl/cpu/pauloblaze/pauloBlaze.vhd Line: 33
Info (12021): Found 2 design units, including 1 entities, in source file /workspace/modules/jtframe/hdl/cpu/pauloblaze/program_counter.vhd
    Info (12022): Found design unit 1: program_counter-Behavioral File: /workspace/modules/jtframe/hdl/cpu/pauloblaze/program_counter.vhd Line: 51
    Info (12023): Found entity 1: program_counter File: /workspace/modules/jtframe/hdl/cpu/pauloblaze/program_counter.vhd Line: 33
Info (12021): Found 2 design units, including 1 entities, in source file /workspace/modules/jtframe/hdl/cpu/pauloblaze/regFile.vhd
    Info (12022): Found design unit 1: reg_file-Behavioral File: /workspace/modules/jtframe/hdl/cpu/pauloblaze/regFile.vhd Line: 57
    Info (12023): Found entity 1: reg_file File: /workspace/modules/jtframe/hdl/cpu/pauloblaze/regFile.vhd Line: 36
Info (12021): Found 1 design units, including 1 entities, in source file /workspace/modules/jtframe/hdl/cheat/jtframe_cheat.v
    Info (12023): Found entity 1: jtframe_cheat File: /workspace/modules/jtframe/hdl/cheat/jtframe_cheat.v Line: 19
Info (12021): Found 1 design units, including 1 entities, in source file /workspace/modules/jtframe/hdl/cheat/jtframe_cheat_rom.v
    Info (12023): Found entity 1: jtframe_cheat_rom File: /workspace/modules/jtframe/hdl/cheat/jtframe_cheat_rom.v Line: 19
Info (12021): Found 1 design units, including 1 entities, in source file /workspace/modules/jtframe/hdl/sound/jtframe_mixer_en.v
    Info (12023): Found entity 1: jtframe_mixer_en File: /workspace/modules/jtframe/hdl/sound/jtframe_mixer_en.v Line: 25
Info (12021): Found 2 design units, including 2 entities, in source file /workspace/modules/jtframe/hdl/sound/jtframe_mixer.v
    Info (12023): Found entity 1: jtframe_mixer File: /workspace/modules/jtframe/hdl/sound/jtframe_mixer.v Line: 29
    Info (12023): Found entity 2: jtframe_limamp File: /workspace/modules/jtframe/hdl/sound/jtframe_mixer.v Line: 123
Info (12021): Found 1 design units, including 1 entities, in source file /workspace/modules/jtframe/hdl/sound/jtframe_iir2.v
    Info (12023): Found entity 1: jtframe_iir2 File: /workspace/modules/jtframe/hdl/sound/jtframe_iir2.v Line: 24
Info (12021): Found 1 design units, including 1 entities, in source file /workspace/modules/jtframe/hdl/sound/jtframe_fir.v
    Info (12023): Found entity 1: jtframe_fir File: /workspace/modules/jtframe/hdl/sound/jtframe_fir.v Line: 30
Info (12021): Found 1 design units, including 1 entities, in source file /workspace/modules/jtframe/hdl/sound/jtframe_rcmix.v
    Info (12023): Found entity 1: jtframe_rcmix File: /workspace/modules/jtframe/hdl/sound/jtframe_rcmix.v Line: 27
Info (12021): Found 1 design units, including 1 entities, in source file /workspace/modules/jtframe/hdl/sound/jtframe_limsum.v
    Info (12023): Found entity 1: jtframe_limsum File: /workspace/modules/jtframe/hdl/sound/jtframe_limsum.v Line: 26
Info (12021): Found 1 design units, including 1 entities, in source file /workspace/modules/jtframe/hdl/sound/jtframe_limmul.v
    Info (12023): Found entity 1: jtframe_limmul File: /workspace/modules/jtframe/hdl/sound/jtframe_limmul.v Line: 27
Info (12021): Found 1 design units, including 1 entities, in source file /workspace/modules/jtframe/hdl/sound/jtframe_sndchain.v
    Info (12023): Found entity 1: jtframe_sndchain File: /workspace/modules/jtframe/hdl/sound/jtframe_sndchain.v Line: 23
Info (12021): Found 1 design units, including 1 entities, in source file /workspace/modules/jtframe/hdl/sound/jtframe_pole.v
    Info (12023): Found entity 1: jtframe_pole File: /workspace/modules/jtframe/hdl/sound/jtframe_pole.v Line: 31
Info (12021): Found 1 design units, including 1 entities, in source file /workspace/modules/jtframe/hdl/sound/jtframe_dcrm.v
    Info (12023): Found entity 1: jtframe_dcrm File: /workspace/modules/jtframe/hdl/sound/jtframe_dcrm.v Line: 28
Info (12021): Found 1 design units, including 1 entities, in source file /workspace/modules/jtframe/hdl/sound/jtframe_volume.v
    Info (12023): Found entity 1: jtframe_volume File: /workspace/modules/jtframe/hdl/sound/jtframe_volume.v Line: 19
Info (12021): Found 1 design units, including 1 entities, in source file /workspace/modules/jtframe/hdl/sound/jtframe_vumeter.sv
    Info (12023): Found entity 1: jtframe_vumeter File: /workspace/modules/jtframe/hdl/sound/jtframe_vumeter.sv Line: 24
Info (12021): Found 1 design units, including 1 entities, in source file /workspace/modules/jtframe/hdl/sound/jtframe_st2mono.v
    Info (12023): Found entity 1: jtframe_st2mono File: /workspace/modules/jtframe/hdl/sound/jtframe_st2mono.v Line: 25
Info (12021): Found 1 design units, including 1 entities, in source file /workspace/modules/jtframe/hdl/sound/jtframe_gainmux.v
    Info (12023): Found entity 1: jtframe_gainmux File: /workspace/modules/jtframe/hdl/sound/jtframe_gainmux.v Line: 21
Info (12021): Found 1 design units, including 1 entities, in source file /workspace/modules/jtframe/target/mister/hdl/jtframe_emu.sv
    Info (12023): Found entity 1: emu File: /workspace/modules/jtframe/target/mister/hdl/jtframe_emu.sv Line: 35
Info (12021): Found 1 design units, including 1 entities, in source file /workspace/modules/jtframe/target/mister/hdl/jtframe_mister.sv
    Info (12023): Found entity 1: jtframe_mister File: /workspace/modules/jtframe/target/mister/hdl/jtframe_mister.sv Line: 19
Info (12021): Found 1 design units, including 1 entities, in source file /workspace/modules/jtframe/target/mister/hdl/jtframe_mister_dwnld.v
    Info (12023): Found entity 1: jtframe_mister_dwnld File: /workspace/modules/jtframe/target/mister/hdl/jtframe_mister_dwnld.v Line: 36
Info (12021): Found 1 design units, including 1 entities, in source file /workspace/modules/jtframe/target/mister/hdl/jtframe_mister_status.v
    Info (12023): Found entity 1: jtframe_mister_status File: /workspace/modules/jtframe/target/mister/hdl/jtframe_mister_status.v Line: 18
Info (12021): Found 1 design units, including 1 entities, in source file /workspace/modules/jtframe/target/mister/hdl/jtframe_target_info.sv
    Info (12023): Found entity 1: jtframe_target_info File: /workspace/modules/jtframe/target/mister/hdl/jtframe_target_info.sv Line: 19
Info (12021): Found 1 design units, including 1 entities, in source file /workspace/modules/jtframe/target/mister/hdl/jtframe_mr_ddrmux.v
    Info (12023): Found entity 1: jtframe_mr_ddrmux File: /workspace/modules/jtframe/target/mister/hdl/jtframe_mr_ddrmux.v Line: 19
Info (12021): Found 1 design units, including 1 entities, in source file /workspace/modules/jtframe/target/mister/hdl/jtframe_mr_ddrtest.v
    Info (12023): Found entity 1: jtframe_mr_ddrtest File: /workspace/modules/jtframe/target/mister/hdl/jtframe_mr_ddrtest.v Line: 23
Info (12021): Found 1 design units, including 1 entities, in source file /workspace/modules/jtframe/target/mister/hdl/jtframe_joymux.v
    Info (12023): Found entity 1: jtframe_joymux File: /workspace/modules/jtframe/target/mister/hdl/jtframe_joymux.v Line: 19
Info (12021): Found 3 design units, including 3 entities, in source file /workspace/modules/jtframe/target/mister/hdl/sys/sys_top.v
    Info (12023): Found entity 1: sys_top File: /workspace/modules/jtframe/target/mister/hdl/sys/sys_top.v Line: 22
    Info (12023): Found entity 2: sync_fix File: /workspace/modules/jtframe/target/mister/hdl/sys/sys_top.v Line: 1871
    Info (12023): Found entity 3: csync File: /workspace/modules/jtframe/target/mister/hdl/sys/sys_top.v Line: 1903
Info (12021): Found 2 design units, including 1 entities, in source file /workspace/modules/jtframe/target/mister/hdl/sys/ascal.vhd
    Info (12022): Found design unit 1: ascal-rtl File: /workspace/modules/jtframe/target/mister/hdl/sys/ascal.vhd Line: 278
    Info (12023): Found entity 1: ascal File: /workspace/modules/jtframe/target/mister/hdl/sys/ascal.vhd Line: 114
Info (12021): Found 2 design units, including 1 entities, in source file /workspace/modules/jtframe/target/mister/hdl/sys/pll_hdmi_adj.vhd
    Info (12022): Found design unit 1: pll_hdmi_adj-rtl File: /workspace/modules/jtframe/target/mister/hdl/sys/pll_hdmi_adj.vhd Line: 53
    Info (12023): Found entity 1: pll_hdmi_adj File: /workspace/modules/jtframe/target/mister/hdl/sys/pll_hdmi_adj.vhd Line: 21
Info (12021): Found 3 design units, including 3 entities, in source file /workspace/modules/jtframe/target/mister/hdl/sys/math.sv
    Info (12023): Found entity 1: sys_udiv File: /workspace/modules/jtframe/target/mister/hdl/sys/math.sv Line: 3
    Info (12023): Found entity 2: sys_umul File: /workspace/modules/jtframe/target/mister/hdl/sys/math.sv Line: 46
    Info (12023): Found entity 3: sys_umuldiv File: /workspace/modules/jtframe/target/mister/hdl/sys/math.sv Line: 85
Info (12021): Found 1 design units, including 1 entities, in source file /workspace/modules/jtframe/target/mister/hdl/sys/hq2x.sv
    Info (12023): Found entity 1: Hq2x File: /workspace/modules/jtframe/target/mister/hdl/sys/hq2x.sv Line: 13
Info (12021): Found 1 design units, including 1 entities, in source file /workspace/modules/jtframe/target/mister/hdl/sys/scandoubler.v
    Info (12023): Found entity 1: scandoubler File: /workspace/modules/jtframe/target/mister/hdl/sys/scandoubler.v Line: 22
Info (12021): Found 1 design units, including 1 entities, in source file /workspace/modules/jtframe/target/mister/hdl/sys/scanlines.v
    Info (12023): Found entity 1: scanlines File: /workspace/modules/jtframe/target/mister/hdl/sys/scanlines.v Line: 1
Info (12021): Found 1 design units, including 1 entities, in source file /workspace/modules/jtframe/target/mister/hdl/sys/shadowmask.sv
    Info (12023): Found entity 1: shadowmask File: /workspace/modules/jtframe/target/mister/hdl/sys/shadowmask.sv Line: 1
Info (12021): Found 2 design units, including 2 entities, in source file /workspace/modules/jtframe/target/mister/hdl/sys/video_cleaner.sv
    Info (12023): Found entity 1: video_cleaner File: /workspace/modules/jtframe/target/mister/hdl/sys/video_cleaner.sv Line: 12
    Info (12023): Found entity 2: s_fix File: /workspace/modules/jtframe/target/mister/hdl/sys/video_cleaner.sv Line: 81
Info (12021): Found 2 design units, including 2 entities, in source file /workspace/modules/jtframe/target/mister/hdl/sys/gamma_corr.sv
    Info (12023): Found entity 1: gamma_corr File: /workspace/modules/jtframe/target/mister/hdl/sys/gamma_corr.sv Line: 1
    Info (12023): Found entity 2: gamma_fast File: /workspace/modules/jtframe/target/mister/hdl/sys/gamma_corr.sv Line: 62
Info (12021): Found 1 design units, including 1 entities, in source file /workspace/modules/jtframe/target/mister/hdl/sys/video_mixer.sv
    Info (12023): Found entity 1: video_mixer File: /workspace/modules/jtframe/target/mister/hdl/sys/video_mixer.sv Line: 19
Info (12021): Found 2 design units, including 2 entities, in source file /workspace/modules/jtframe/target/mister/hdl/sys/video_freak.sv
    Info (12023): Found entity 1: video_freak File: /workspace/modules/jtframe/target/mister/hdl/sys/video_freak.sv Line: 16
    Info (12023): Found entity 2: video_scale_int File: /workspace/modules/jtframe/target/mister/hdl/sys/video_freak.sv Line: 141
Info (12021): Found 2 design units, including 2 entities, in source file /workspace/modules/jtframe/target/mister/hdl/sys/video_freezer.sv
    Info (12023): Found entity 1: video_freezer File: /workspace/modules/jtframe/target/mister/hdl/sys/video_freezer.sv Line: 21
    Info (12023): Found entity 2: sync_lock File: /workspace/modules/jtframe/target/mister/hdl/sys/video_freezer.sv Line: 80
Info (12021): Found 2 design units, including 2 entities, in source file /workspace/modules/jtframe/target/mister/hdl/sys/arcade_video.v
    Info (12023): Found entity 1: arcade_video File: /workspace/modules/jtframe/target/mister/hdl/sys/arcade_video.v Line: 29
    Info (12023): Found entity 2: screen_rotate File: /workspace/modules/jtframe/target/mister/hdl/sys/arcade_video.v Line: 173
Info (12021): Found 1 design units, including 1 entities, in source file /workspace/modules/jtframe/target/mister/hdl/sys/osd.sv
    Info (12023): Found entity 1: osd File: /workspace/modules/jtframe/target/mister/hdl/sys/osd.sv Line: 4
Info (12021): Found 1 design units, including 1 entities, in source file /workspace/modules/jtframe/target/mister/hdl/sys/vga_out.sv
    Info (12023): Found entity 1: vga_out File: /workspace/modules/jtframe/target/mister/hdl/sys/vga_out.sv Line: 2
Info (12021): Found 1 design units, including 1 entities, in source file /workspace/modules/jtframe/target/mister/hdl/sys/yc_out.sv
    Info (12023): Found entity 1: yc_out File: /workspace/modules/jtframe/target/mister/hdl/sys/yc_out.sv Line: 28
Info (12021): Found 1 design units, including 1 entities, in source file /workspace/modules/jtframe/target/mister/hdl/sys/i2c.v
    Info (12023): Found entity 1: i2c File: /workspace/modules/jtframe/target/mister/hdl/sys/i2c.v Line: 2
Info (12021): Found 1 design units, including 1 entities, in source file /workspace/modules/jtframe/target/mister/hdl/sys/alsa.sv
    Info (12023): Found entity 1: alsa File: /workspace/modules/jtframe/target/mister/hdl/sys/alsa.sv Line: 22
Info (12021): Found 1 design units, including 1 entities, in source file /workspace/modules/jtframe/target/mister/hdl/sys/i2s.v
    Info (12023): Found entity 1: i2s File: /workspace/modules/jtframe/target/mister/hdl/sys/i2s.v Line: 2
Info (12021): Found 1 design units, including 1 entities, in source file /workspace/modules/jtframe/target/mister/hdl/sys/spdif.v
    Info (12023): Found entity 1: spdif File: /workspace/modules/jtframe/target/mister/hdl/sys/spdif.v Line: 33
Info (12021): Found 2 design units, including 2 entities, in source file /workspace/modules/jtframe/target/mister/hdl/sys/audio_out.v
    Info (12023): Found entity 1: audio_out File: /workspace/modules/jtframe/target/mister/hdl/sys/audio_out.v Line: 2
    Info (12023): Found entity 2: aud_mix_top File: /workspace/modules/jtframe/target/mister/hdl/sys/audio_out.v Line: 258
Info (12021): Found 3 design units, including 3 entities, in source file /workspace/modules/jtframe/target/mister/hdl/sys/iir_filter.v
    Info (12023): Found entity 1: IIR_filter File: /workspace/modules/jtframe/target/mister/hdl/sys/iir_filter.v Line: 22
    Info (12023): Found entity 2: iir_filter_tap File: /workspace/modules/jtframe/target/mister/hdl/sys/iir_filter.v Line: 148
    Info (12023): Found entity 3: DC_blocker File: /workspace/modules/jtframe/target/mister/hdl/sys/iir_filter.v Line: 189
Info (12021): Found 2 design units, including 2 entities, in source file /workspace/modules/jtframe/target/mister/hdl/sys/ltc2308.sv
    Info (12023): Found entity 1: ltc2308 File: /workspace/modules/jtframe/target/mister/hdl/sys/ltc2308.sv Line: 28
    Info (12023): Found entity 2: ltc2308_tape File: /workspace/modules/jtframe/target/mister/hdl/sys/ltc2308.sv Line: 105
Info (12021): Found 1 design units, including 1 entities, in source file /workspace/modules/jtframe/target/mister/hdl/sys/sigma_delta_dac.v
    Info (12023): Found entity 1: sigma_delta_dac File: /workspace/modules/jtframe/target/mister/hdl/sys/sigma_delta_dac.v Line: 6
Warning (12019): Can't analyze file -- file ../../../modules/jtframe/target/mister/hdl/sys/mt32pi.sv is missing
Info (12021): Found 1 design units, including 1 entities, in source file /workspace/modules/jtframe/target/mister/hdl/sys/mcp23009.sv
    Info (12023): Found entity 1: mcp23009 File: /workspace/modules/jtframe/target/mister/hdl/sys/mcp23009.sv Line: 5
Info (12021): Found 1 design units, including 1 entities, in source file /workspace/modules/jtframe/target/mister/hdl/sys/f2sdram_safe_terminator.sv
    Info (12023): Found entity 1: f2sdram_safe_terminator File: /workspace/modules/jtframe/target/mister/hdl/sys/f2sdram_safe_terminator.sv Line: 55
Info (12021): Found 1 design units, including 1 entities, in source file /workspace/modules/jtframe/target/mister/hdl/sys/ddr_svc.sv
    Info (12023): Found entity 1: ddr_svc File: /workspace/modules/jtframe/target/mister/hdl/sys/ddr_svc.sv Line: 23
Info (12021): Found 2 design units, including 2 entities, in source file /workspace/modules/jtframe/target/mister/hdl/sys/sysmem.sv
    Info (12023): Found entity 1: sysmem_lite File: /workspace/modules/jtframe/target/mister/hdl/sys/sysmem.sv Line: 2
    Info (12023): Found entity 2: sysmem_HPS_fpga_interfaces File: /workspace/modules/jtframe/target/mister/hdl/sys/sysmem.sv Line: 241
Warning (12019): Can't analyze file -- file ../../../modules/jtframe/target/mister/hdl/sys/sd_card.sv is missing
Info (12021): Found 4 design units, including 4 entities, in source file /workspace/modules/jtframe/target/mister/hdl/sys/hps_io.sv
    Info (12023): Found entity 1: hps_io File: /workspace/modules/jtframe/target/mister/hdl/sys/hps_io.sv Line: 30
    Info (12023): Found entity 2: ps2_device File: /workspace/modules/jtframe/target/mister/hdl/sys/hps_io.sv Line: 716
    Info (12023): Found entity 3: video_calc File: /workspace/modules/jtframe/target/mister/hdl/sys/hps_io.sv Line: 859
    Info (12023): Found entity 4: confstr_rom File: /workspace/modules/jtframe/target/mister/hdl/sys/hps_io.sv Line: 1027
Info (12021): Found 1 design units, including 1 entities, in source file /workspace/modules/jtframe/target/mister/hdl/sys/pll_hdmi.v
    Info (12023): Found entity 1: pll_hdmi File: /workspace/modules/jtframe/target/mister/hdl/sys/pll_hdmi.v Line: 8
Info (12021): Found 1 design units, including 1 entities, in source file /workspace/modules/jtframe/target/mister/hdl/sys/pll_hdmi/pll_hdmi_0002.v
    Info (12023): Found entity 1: pll_hdmi_0002 File: /workspace/modules/jtframe/target/mister/hdl/sys/pll_hdmi/pll_hdmi_0002.v Line: 2
Info (12021): Found 1 design units, including 1 entities, in source file /workspace/modules/jtframe/target/mister/hdl/sys/pll_audio.v
    Info (12023): Found entity 1: pll_audio File: /workspace/modules/jtframe/target/mister/hdl/sys/pll_audio.v Line: 8
Info (12021): Found 1 design units, including 1 entities, in source file /workspace/modules/jtframe/target/mister/hdl/sys/pll_audio/pll_audio_0002.v
    Info (12023): Found entity 1: pll_audio_0002 File: /workspace/modules/jtframe/target/mister/hdl/sys/pll_audio/pll_audio_0002.v Line: 2
Info (12021): Found 1 design units, including 1 entities, in source file /workspace/modules/jtframe/target/mister/hdl/sys/pll_cfg/pll_cfg.v
    Info (12023): Found entity 1: pll_cfg File: /workspace/modules/jtframe/target/mister/hdl/sys/pll_cfg/pll_cfg.v Line: 8
Info (12021): Found 1 design units, including 1 entities, in source file /workspace/modules/jtframe/target/mister/hdl/sys/pll_cfg/pll_cfg_hdmi.v
    Info (12023): Found entity 1: pll_cfg_hdmi File: /workspace/modules/jtframe/target/mister/hdl/sys/pll_cfg/pll_cfg_hdmi.v Line: 16
Info (12021): Found 1 design units, including 1 entities, in source file /workspace/modules/jtframe/target/mister/hdl/sys/pll_cfg/altera_pll_reconfig_top.v
    Info (12023): Found entity 1: altera_pll_reconfig_top File: /workspace/modules/jtframe/target/mister/hdl/sys/pll_cfg/altera_pll_reconfig_top.v Line: 16
Info (12021): Found 6 design units, including 6 entities, in source file /workspace/modules/jtframe/target/mister/hdl/sys/pll_cfg/altera_pll_reconfig_core.v
    Info (12023): Found entity 1: altera_pll_reconfig_core File: /workspace/modules/jtframe/target/mister/hdl/sys/pll_cfg/altera_pll_reconfig_core.v Line: 16
    Info (12023): Found entity 2: self_reset File: /workspace/modules/jtframe/target/mister/hdl/sys/pll_cfg/altera_pll_reconfig_core.v Line: 1691
    Info (12023): Found entity 3: dprio_mux File: /workspace/modules/jtframe/target/mister/hdl/sys/pll_cfg/altera_pll_reconfig_core.v Line: 1739
    Info (12023): Found entity 4: fpll_dprio_init File: /workspace/modules/jtframe/target/mister/hdl/sys/pll_cfg/altera_pll_reconfig_core.v Line: 1789
    Info (12023): Found entity 5: dyn_phase_shift File: /workspace/modules/jtframe/target/mister/hdl/sys/pll_cfg/altera_pll_reconfig_core.v Line: 1884
    Info (12023): Found entity 6: generic_lcell_comb File: /workspace/modules/jtframe/target/mister/hdl/sys/pll_cfg/altera_pll_reconfig_core.v Line: 2112
Info (12021): Found 1 design units, including 1 entities, in source file /workspace/modules/jtframe/target/mister/hdl/joydb15.v
    Info (12023): Found entity 1: joy_db15 File: /workspace/modules/jtframe/target/mister/hdl/joydb15.v Line: 4
Info (12021): Found 1 design units, including 1 entities, in source file /workspace/modules/jtframe/target/mister/hdl/sys/pll.v
    Info (12023): Found entity 1: pll File: /workspace/modules/jtframe/target/mister/hdl/sys/pll.v Line: 8
Info (12021): Found 1 design units, including 1 entities, in source file /workspace/modules/jtframe/target/mister/hdl/sys/pll/pll_0002.v
    Info (12023): Found entity 1: pll_0002 File: /workspace/modules/jtframe/target/mister/hdl/sys/pll/pll_0002.v Line: 2
Info (12021): Found 1 design units, including 1 entities, in source file /workspace/modules/jtframe/hdl/sdram/jtframe_shadow.v
    Info (12023): Found entity 1: jtframe_shadow File: /workspace/modules/jtframe/hdl/sdram/jtframe_shadow.v Line: 19
Info (12021): Found 1 design units, including 1 entities, in source file /workspace/modules/jtframe/hdl/video/jtframe_hsize.v
    Info (12023): Found entity 1: jtframe_hsize File: /workspace/modules/jtframe/hdl/video/jtframe_hsize.v Line: 21
Info (12021): Found 1 design units, including 1 entities, in source file /workspace/modules/jtframe/hdl/video/jtframe_lfbuf_ddr.v
    Info (12023): Found entity 1: jtframe_lfbuf_ddr File: /workspace/modules/jtframe/hdl/video/jtframe_lfbuf_ddr.v Line: 22
Info (12021): Found 1 design units, including 1 entities, in source file /workspace/modules/jtframe/hdl/video/jtframe_lfbuf_ddr_ctrl.v
    Info (12023): Found entity 1: jtframe_lfbuf_ddr_ctrl File: /workspace/modules/jtframe/hdl/video/jtframe_lfbuf_ddr_ctrl.v Line: 19
Info (12021): Found 1 design units, including 1 entities, in source file /workspace/modules/jtframe/hdl/video/jtframe_lfbuf_line.v
    Info (12023): Found entity 1: jtframe_lfbuf_line File: /workspace/modules/jtframe/hdl/video/jtframe_lfbuf_line.v Line: 29
Info (12021): Found 1 design units, including 1 entities, in source file /workspace/modules/jtframe/hdl/video/jtframe_logo.v
    Info (12023): Found entity 1: jtframe_logo File: /workspace/modules/jtframe/hdl/video/jtframe_logo.v Line: 19
Info (12021): Found 1 design units, including 1 entities, in source file /workspace/modules/jtframe/hdl/video/jtframe_linebuf.v
    Info (12023): Found entity 1: jtframe_linebuf File: /workspace/modules/jtframe/hdl/video/jtframe_linebuf.v Line: 19
Info (12021): Found 1 design units, including 1 entities, in source file /workspace/modules/jtframe/hdl/video/tilemap/jtframe_tilemap.v
    Info (12023): Found entity 1: jtframe_tilemap File: /workspace/modules/jtframe/hdl/video/tilemap/jtframe_tilemap.v Line: 25
Info (12021): Found 1 design units, including 1 entities, in source file /workspace/modules/jtframe/hdl/clocking/jtframe_rst_sync.v
    Info (12023): Found entity 1: jtframe_rst_sync File: /workspace/modules/jtframe/hdl/clocking/jtframe_rst_sync.v Line: 22
Info (12021): Found 2 design units, including 2 entities, in source file /workspace/modules/jtframe/hdl/clocking/jtframe_sync.v
    Info (12023): Found entity 1: jtframe_sync File: /workspace/modules/jtframe/hdl/clocking/jtframe_sync.v Line: 22
    Info (12023): Found entity 2: jtframe_sync_cen File: /workspace/modules/jtframe/hdl/clocking/jtframe_sync.v Line: 65
Info (12021): Found 1 design units, including 1 entities, in source file jtsftm_game_sdram.v
    Info (12023): Found entity 1: jtsftm_game_sdram File: /workspace/cores/sftm/mister/jtsftm_game_sdram.v Line: 13
Warning (10236): Verilog HDL Implicit Net warning at jtsftm_game.v(224): created implicit net for "snd_left" File: /workspace/cores/sftm/hdl/jtsftm_game.v Line: 224
Warning (10236): Verilog HDL Implicit Net warning at jtsftm_game.v(225): created implicit net for "snd_right" File: /workspace/cores/sftm/hdl/jtsftm_game.v Line: 225
Warning (10037): Verilog HDL or VHDL warning at jtframe_emu.sv(288): conditional expression evaluates to a constant File: /workspace/modules/jtframe/target/mister/hdl/jtframe_emu.sv Line: 288
Info (12127): Elaborating entity "sys_top" for the top level hierarchy
Info (12128): Elaborating entity "mcp23009" for hierarchy "mcp23009:mcp23009" File: /workspace/modules/jtframe/target/mister/hdl/sys/sys_top.v Line: 175
Info (12128): Elaborating entity "i2c" for hierarchy "mcp23009:mcp23009|i2c:i2c" File: /workspace/modules/jtframe/target/mister/hdl/sys/mcp23009.sv Line: 41
Info (12128): Elaborating entity "sysmem_lite" for hierarchy "sysmem_lite:sysmem" File: /workspace/modules/jtframe/target/mister/hdl/sys/sys_top.v Line: 629
Info (12128): Elaborating entity "f2sdram_safe_terminator" for hierarchy "sysmem_lite:sysmem|f2sdram_safe_terminator:f2sdram_safe_terminator_ram1" File: /workspace/modules/jtframe/target/mister/hdl/sys/sysmem.sv Line: 91
Info (12128): Elaborating entity "f2sdram_safe_terminator" for hierarchy "sysmem_lite:sysmem|f2sdram_safe_terminator:f2sdram_safe_terminator_vbuf" File: /workspace/modules/jtframe/target/mister/hdl/sys/sysmem.sv Line: 183
Info (12128): Elaborating entity "sysmem_HPS_fpga_interfaces" for hierarchy "sysmem_lite:sysmem|sysmem_HPS_fpga_interfaces:fpga_interfaces" File: /workspace/modules/jtframe/target/mister/hdl/sys/sysmem.sv Line: 223
Info (12128): Elaborating entity "ddr_svc" for hierarchy "ddr_svc:ddr_svc" File: /workspace/modules/jtframe/target/mister/hdl/sys/sys_top.v Line: 670
Info (12128): Elaborating entity "ascal" for hierarchy "ascal:ascal" File: /workspace/modules/jtframe/target/mister/hdl/sys/sys_top.v Line: 807
Info (19000): Inferred 9 megafunctions from design logic
    Info (276029): Inferred altsyncram megafunction from the following design logic: "ascal:ascal|altsyncram:i_mem[0].r[7]__1" 
        Info (286033): Parameter OPERATION_MODE set to DUAL_PORT
        Info (286033): Parameter WIDTH_A set to 24
        Info (286033): Parameter WIDTHAD_A set to 11
        Info (286033): Parameter NUMWORDS_A set to 2048
        Info (286033): Parameter WIDTH_B set to 24
        Info (286033): Parameter WIDTHAD_B set to 11
        Info (286033): Parameter NUMWORDS_B set to 2048
        Info (286033): Parameter ADDRESS_ACLR_A set to NONE
        Info (286033): Parameter OUTDATA_REG_B set to UNREGISTERED
        Info (286033): Parameter ADDRESS_ACLR_B set to NONE
        Info (286033): Parameter OUTDATA_ACLR_B set to NONE
        Info (286033): Parameter ADDRESS_REG_B set to CLOCK0
        Info (286033): Parameter INDATA_ACLR_A set to NONE
        Info (286033): Parameter WRCONTROL_ACLR_A set to NONE
        Info (286033): Parameter READ_DURING_WRITE_MODE_MIXED_PORTS set to OLD_DATA
        Info (286033): Parameter RDCONTROL_REG_B set to CLOCK0
    Info (276029): Inferred altsyncram megafunction from the following design logic: "ascal:ascal|altsyncram:o_line0[0].r[7]__2" 
        Info (286033): Parameter OPERATION_MODE set to DUAL_PORT
        Info (286033): Parameter WIDTH_A set to 24
        Info (286033): Parameter WIDTHAD_A set to 11
        Info (286033): Parameter NUMWORDS_A set to 2048
        Info (286033): Parameter WIDTH_B set to 24
        Info (286033): Parameter WIDTHAD_B set to 11
        Info (286033): Parameter NUMWORDS_B set to 2048
        Info (286033): Parameter ADDRESS_ACLR_A set to NONE
        Info (286033): Parameter OUTDATA_REG_B set to UNREGISTERED
        Info (286033): Parameter ADDRESS_ACLR_B set to NONE
        Info (286033): Parameter OUTDATA_ACLR_B set to NONE
        Info (286033): Parameter ADDRESS_REG_B set to CLOCK0
        Info (286033): Parameter INDATA_ACLR_A set to NONE
        Info (286033): Parameter WRCONTROL_ACLR_A set to NONE
        Info (286033): Parameter READ_DURING_WRITE_MODE_MIXED_PORTS set to OLD_DATA
    Info (276029): Inferred altsyncram megafunction from the following design logic: "ascal:ascal|altsyncram:o_line1[0].r[7]__3" 
        Info (286033): Parameter OPERATION_MODE set to DUAL_PORT
        Info (286033): Parameter WIDTH_A set to 24
        Info (286033): Parameter WIDTHAD_A set to 11
        Info (286033): Parameter NUMWORDS_A set to 2048
        Info (286033): Parameter WIDTH_B set to 24
        Info (286033): Parameter WIDTHAD_B set to 11
        Info (286033): Parameter NUMWORDS_B set to 2048
        Info (286033): Parameter ADDRESS_ACLR_A set to NONE
        Info (286033): Parameter OUTDATA_REG_B set to UNREGISTERED
        Info (286033): Parameter ADDRESS_ACLR_B set to NONE
        Info (286033): Parameter OUTDATA_ACLR_B set to NONE
        Info (286033): Parameter ADDRESS_REG_B set to CLOCK0
        Info (286033): Parameter INDATA_ACLR_A set to NONE
        Info (286033): Parameter WRCONTROL_ACLR_A set to NONE
        Info (286033): Parameter READ_DURING_WRITE_MODE_MIXED_PORTS set to OLD_DATA
    Info (276029): Inferred altsyncram megafunction from the following design logic: "ascal:ascal|altsyncram:o_line2[0].r[7]__4" 
        Info (286033): Parameter OPERATION_MODE set to DUAL_PORT
        Info (286033): Parameter WIDTH_A set to 24
        Info (286033): Parameter WIDTHAD_A set to 11
        Info (286033): Parameter NUMWORDS_A set to 2048
        Info (286033): Parameter WIDTH_B set to 24
        Info (286033): Parameter WIDTHAD_B set to 11
        Info (286033): Parameter NUMWORDS_B set to 2048
        Info (286033): Parameter ADDRESS_ACLR_A set to NONE
        Info (286033): Parameter OUTDATA_REG_B set to UNREGISTERED
        Info (286033): Parameter ADDRESS_ACLR_B set to NONE
        Info (286033): Parameter OUTDATA_ACLR_B set to NONE
        Info (286033): Parameter ADDRESS_REG_B set to CLOCK0
        Info (286033): Parameter INDATA_ACLR_A set to NONE
        Info (286033): Parameter WRCONTROL_ACLR_A set to NONE
        Info (286033): Parameter READ_DURING_WRITE_MODE_MIXED_PORTS set to OLD_DATA
    Info (276029): Inferred altsyncram megafunction from the following design logic: "ascal:ascal|altsyncram:o_line3[0].r[7]__5" 
        Info (286033): Parameter OPERATION_MODE set to DUAL_PORT
        Info (286033): Parameter WIDTH_A set to 24
        Info (286033): Parameter WIDTHAD_A set to 11
        Info (286033): Parameter NUMWORDS_A set to 2048
        Info (286033): Parameter WIDTH_B set to 24
        Info (286033): Parameter WIDTHAD_B set to 11
        Info (286033): Parameter NUMWORDS_B set to 2048
        Info (286033): Parameter ADDRESS_ACLR_A set to NONE
        Info (286033): Parameter OUTDATA_REG_B set to UNREGISTERED
        Info (286033): Parameter ADDRESS_ACLR_B set to NONE
        Info (286033): Parameter OUTDATA_ACLR_B set to NONE
        Info (286033): Parameter ADDRESS_REG_B set to CLOCK0
        Info (286033): Parameter INDATA_ACLR_A set to NONE
        Info (286033): Parameter WRCONTROL_ACLR_A set to NONE
        Info (286033): Parameter READ_DURING_WRITE_MODE_MIXED_PORTS set to OLD_DATA
    Info (276029): Inferred altsyncram megafunction from the following design logic: "ascal:ascal|altsyncram:o_linf0[0].r[7]__6" 
        Info (286033): Parameter OPERATION_MODE set to DUAL_PORT
        Info (286033): Parameter WIDTH_A set to 24
        Info (286033): Parameter WIDTHAD_A set to 8
        Info (286033): Parameter NUMWORDS_A set to 256
        Info (286033): Parameter WIDTH_B set to 24
        Info (286033): Parameter WIDTHAD_B set to 8
        Info (286033): Parameter NUMWORDS_B set to 256
        Info (286033): Parameter ADDRESS_ACLR_A set to NONE
        Info (286033): Parameter OUTDATA_REG_B set to UNREGISTERED
        Info (286033): Parameter ADDRESS_ACLR_B set to NONE
        Info (286033): Parameter OUTDATA_ACLR_B set to NONE
        Info (286033): Parameter ADDRESS_REG_B set to CLOCK0
        Info (286033): Parameter INDATA_ACLR_A set to NONE
        Info (286033): Parameter WRCONTROL_ACLR_A set to NONE
        Info (286033): Parameter READ_DURING_WRITE_MODE_MIXED_PORTS set to OLD_DATA
    Info (276029): Inferred altsyncram megafunction from the following design logic: "ascal:ascal|altsyncram:o_linf1[0].r[7]__7" 
        Info (286033): Parameter OPERATION_MODE set to DUAL_PORT
        Info (286033): Parameter WIDTH_A set to 24
        Info (286033): Parameter WIDTHAD_A set to 8
        Info (286033): Parameter NUMWORDS_A set to 256
        Info (286033): Parameter WIDTH_B set to 24
        Info (286033): Parameter WIDTHAD_B set to 8
        Info (286033): Parameter NUMWORDS_B set to 256
        Info (286033): Parameter ADDRESS_ACLR_A set to NONE
        Info (286033): Parameter OUTDATA_REG_B set to UNREGISTERED
        Info (286033): Parameter ADDRESS_ACLR_B set to NONE
        Info (286033): Parameter OUTDATA_ACLR_B set to NONE
        Info (286033): Parameter ADDRESS_REG_B set to CLOCK0
        Info (286033): Parameter INDATA_ACLR_A set to NONE
        Info (286033): Parameter WRCONTROL_ACLR_A set to NONE
        Info (286033): Parameter READ_DURING_WRITE_MODE_MIXED_PORTS set to OLD_DATA
    Info (276029): Inferred altsyncram megafunction from the following design logic: "ascal:ascal|altsyncram:o_linf2[0].r[7]__8" 
        Info (286033): Parameter OPERATION_MODE set to DUAL_PORT
        Info (286033): Parameter WIDTH_A set to 24
        Info (286033): Parameter WIDTHAD_A set to 8
        Info (286033): Parameter NUMWORDS_A set to 256
        Info (286033): Parameter WIDTH_B set to 24
        Info (286033): Parameter WIDTHAD_B set to 8
        Info (286033): Parameter NUMWORDS_B set to 256
        Info (286033): Parameter ADDRESS_ACLR_A set to NONE
        Info (286033): Parameter OUTDATA_REG_B set to UNREGISTERED
        Info (286033): Parameter ADDRESS_ACLR_B set to NONE
        Info (286033): Parameter OUTDATA_ACLR_B set to NONE
        Info (286033): Parameter ADDRESS_REG_B set to CLOCK0
        Info (286033): Parameter INDATA_ACLR_A set to NONE
        Info (286033): Parameter WRCONTROL_ACLR_A set to NONE
        Info (286033): Parameter READ_DURING_WRITE_MODE_MIXED_PORTS set to OLD_DATA
    Info (276029): Inferred altsyncram megafunction from the following design logic: "ascal:ascal|altsyncram:o_linf3[0].r[7]__9" 
        Info (286033): Parameter OPERATION_MODE set to DUAL_PORT
        Info (286033): Parameter WIDTH_A set to 24
        Info (286033): Parameter WIDTHAD_A set to 8
        Info (286033): Parameter NUMWORDS_A set to 256
        Info (286033): Parameter WIDTH_B set to 24
        Info (286033): Parameter WIDTHAD_B set to 8
        Info (286033): Parameter NUMWORDS_B set to 256
        Info (286033): Parameter ADDRESS_ACLR_A set to NONE
        Info (286033): Parameter OUTDATA_REG_B set to UNREGISTERED
        Info (286033): Parameter ADDRESS_ACLR_B set to NONE
        Info (286033): Parameter OUTDATA_ACLR_B set to NONE
        Info (286033): Parameter ADDRESS_REG_B set to CLOCK0
        Info (286033): Parameter INDATA_ACLR_A set to NONE
        Info (286033): Parameter WRCONTROL_ACLR_A set to NONE
        Info (286033): Parameter READ_DURING_WRITE_MODE_MIXED_PORTS set to OLD_DATA
Info (12128): Elaborating entity "altsyncram" for hierarchy "ascal:ascal|altsyncram:i_mem[0].r[7]__1"
Info (12130): Elaborated megafunction instantiation "ascal:ascal|altsyncram:i_mem[0].r[7]__1"
Info (12133): Instantiated megafunction "ascal:ascal|altsyncram:i_mem[0].r[7]__1" with the following parameter:
    Info (12134): Parameter "OPERATION_MODE" = "DUAL_PORT"
    Info (12134): Parameter "WIDTH_A" = "24"
    Info (12134): Parameter "WIDTHAD_A" = "11"
    Info (12134): Parameter "NUMWORDS_A" = "2048"
    Info (12134): Parameter "WIDTH_B" = "24"
    Info (12134): Parameter "WIDTHAD_B" = "11"
    Info (12134): Parameter "NUMWORDS_B" = "2048"
    Info (12134): Parameter "ADDRESS_ACLR_A" = "NONE"
    Info (12134): Parameter "OUTDATA_REG_B" = "UNREGISTERED"
    Info (12134): Parameter "ADDRESS_ACLR_B" = "NONE"
    Info (12134): Parameter "OUTDATA_ACLR_B" = "NONE"
    Info (12134): Parameter "ADDRESS_REG_B" = "CLOCK0"
    Info (12134): Parameter "INDATA_ACLR_A" = "NONE"
    Info (12134): Parameter "WRCONTROL_ACLR_A" = "NONE"
    Info (12134): Parameter "READ_DURING_WRITE_MODE_MIXED_PORTS" = "OLD_DATA"
    Info (12134): Parameter "RDCONTROL_REG_B" = "CLOCK0"
Info (12021): Found 1 design units, including 1 entities, in source file db/altsyncram_v8q1.tdf
    Info (12023): Found entity 1: altsyncram_v8q1 File: /workspace/cores/sftm/mister/db/altsyncram_v8q1.tdf Line: 28
Info (12128): Elaborating entity "altsyncram_v8q1" for hierarchy "ascal:ascal|altsyncram:i_mem[0].r[7]__1|altsyncram_v8q1:auto_generated" File: /opt/intelFPGA_lite/21.1/quartus/libraries/megafunctions/altsyncram.tdf Line: 792
Info (12128): Elaborating entity "altsyncram" for hierarchy "ascal:ascal|altsyncram:o_line0[0].r[7]__2"
Info (12130): Elaborated megafunction instantiation "ascal:ascal|altsyncram:o_line0[0].r[7]__2"
Info (12133): Instantiated megafunction "ascal:ascal|altsyncram:o_line0[0].r[7]__2" with the following parameter:
    Info (12134): Parameter "OPERATION_MODE" = "DUAL_PORT"
    Info (12134): Parameter "WIDTH_A" = "24"
    Info (12134): Parameter "WIDTHAD_A" = "11"
    Info (12134): Parameter "NUMWORDS_A" = "2048"
    Info (12134): Parameter "WIDTH_B" = "24"
    Info (12134): Parameter "WIDTHAD_B" = "11"
    Info (12134): Parameter "NUMWORDS_B" = "2048"
    Info (12134): Parameter "ADDRESS_ACLR_A" = "NONE"
    Info (12134): Parameter "OUTDATA_REG_B" = "UNREGISTERED"
    Info (12134): Parameter "ADDRESS_ACLR_B" = "NONE"
    Info (12134): Parameter "OUTDATA_ACLR_B" = "NONE"
    Info (12134): Parameter "ADDRESS_REG_B" = "CLOCK0"
    Info (12134): Parameter "INDATA_ACLR_A" = "NONE"
    Info (12134): Parameter "WRCONTROL_ACLR_A" = "NONE"
    Info (12134): Parameter "READ_DURING_WRITE_MODE_MIXED_PORTS" = "OLD_DATA"
Info (12021): Found 1 design units, including 1 entities, in source file db/altsyncram_3cn1.tdf
    Info (12023): Found entity 1: altsyncram_3cn1 File: /workspace/cores/sftm/mister/db/altsyncram_3cn1.tdf Line: 28
Info (12128): Elaborating entity "altsyncram_3cn1" for hierarchy "ascal:ascal|altsyncram:o_line0[0].r[7]__2|altsyncram_3cn1:auto_generated" File: /opt/intelFPGA_lite/21.1/quartus/libraries/megafunctions/altsyncram.tdf Line: 792
Info (12128): Elaborating entity "altsyncram" for hierarchy "ascal:ascal|altsyncram:o_linf0[0].r[7]__6"
Info (12130): Elaborated megafunction instantiation "ascal:ascal|altsyncram:o_linf0[0].r[7]__6"
Info (12133): Instantiated megafunction "ascal:ascal|altsyncram:o_linf0[0].r[7]__6" with the following parameter:
    Info (12134): Parameter "OPERATION_MODE" = "DUAL_PORT"
    Info (12134): Parameter "WIDTH_A" = "24"
    Info (12134): Parameter "WIDTHAD_A" = "8"
    Info (12134): Parameter "NUMWORDS_A" = "256"
    Info (12134): Parameter "WIDTH_B" = "24"
    Info (12134): Parameter "WIDTHAD_B" = "8"
    Info (12134): Parameter "NUMWORDS_B" = "256"
    Info (12134): Parameter "ADDRESS_ACLR_A" = "NONE"
    Info (12134): Parameter "OUTDATA_REG_B" = "UNREGISTERED"
    Info (12134): Parameter "ADDRESS_ACLR_B" = "NONE"
    Info (12134): Parameter "OUTDATA_ACLR_B" = "NONE"
    Info (12134): Parameter "ADDRESS_REG_B" = "CLOCK0"
    Info (12134): Parameter "INDATA_ACLR_A" = "NONE"
    Info (12134): Parameter "WRCONTROL_ACLR_A" = "NONE"
    Info (12134): Parameter "READ_DURING_WRITE_MODE_MIXED_PORTS" = "OLD_DATA"
Info (12021): Found 1 design units, including 1 entities, in source file db/altsyncram_d6n1.tdf
    Info (12023): Found entity 1: altsyncram_d6n1 File: /workspace/cores/sftm/mister/db/altsyncram_d6n1.tdf Line: 28
Info (12128): Elaborating entity "altsyncram_d6n1" for hierarchy "ascal:ascal|altsyncram:o_linf0[0].r[7]__6|altsyncram_d6n1:auto_generated" File: /opt/intelFPGA_lite/21.1/quartus/libraries/megafunctions/altsyncram.tdf Line: 792
Info (12128): Elaborating entity "sys_umuldiv" for hierarchy "sys_umuldiv:ar_muldiv" File: /workspace/modules/jtframe/target/mister/hdl/sys/sys_top.v Line: 867
Info (12128): Elaborating entity "sys_umul" for hierarchy "sys_umuldiv:ar_muldiv|sys_umul:umul" File: /workspace/modules/jtframe/target/mister/hdl/sys/math.sv Line: 105
Info (12128): Elaborating entity "sys_udiv" for hierarchy "sys_umuldiv:ar_muldiv|sys_udiv:udiv" File: /workspace/modules/jtframe/target/mister/hdl/sys/math.sv Line: 107
Info (12128): Elaborating entity "pll_hdmi_adj" for hierarchy "pll_hdmi_adj:pll_hdmi_adj" File: /workspace/modules/jtframe/target/mister/hdl/sys/sys_top.v Line: 992
Info (12128): Elaborating entity "pll_hdmi" for hierarchy "pll_hdmi:pll_hdmi" File: /workspace/modules/jtframe/target/mister/hdl/sys/sys_top.v Line: 1026
Info (12128): Elaborating entity "pll_hdmi_0002" for hierarchy "pll_hdmi:pll_hdmi|pll_hdmi_0002:pll_hdmi_inst" File: /workspace/modules/jtframe/target/mister/hdl/sys/pll_hdmi.v Line: 23
Info (12128): Elaborating entity "altera_pll" for hierarchy "pll_hdmi:pll_hdmi|pll_hdmi_0002:pll_hdmi_inst|altera_pll:altera_pll_i" File: /workspace/modules/jtframe/target/mister/hdl/sys/pll_hdmi/pll_hdmi_0002.v Line: 239
Warning (10034): Output port "lvds_clk" at altera_pll.v(320) has no driver File: /opt/intelFPGA_lite/21.1/quartus/libraries/megafunctions/altera_pll.v Line: 320
Warning (10034): Output port "loaden" at altera_pll.v(321) has no driver File: /opt/intelFPGA_lite/21.1/quartus/libraries/megafunctions/altera_pll.v Line: 321
Warning (10034): Output port "extclk_out" at altera_pll.v(322) has no driver File: /opt/intelFPGA_lite/21.1/quartus/libraries/megafunctions/altera_pll.v Line: 322
Info (10008): Verilog HDL or VHDL information: EDA Netlist Writer cannot regroup multidimensional array "wire_to_nowhere_64" into its bus
Info (12130): Elaborated megafunction instantiation "pll_hdmi:pll_hdmi|pll_hdmi_0002:pll_hdmi_inst|altera_pll:altera_pll_i" File: /workspace/modules/jtframe/target/mister/hdl/sys/pll_hdmi/pll_hdmi_0002.v Line: 239
Info (12133): Instantiated megafunction "pll_hdmi:pll_hdmi|pll_hdmi_0002:pll_hdmi_inst|altera_pll:altera_pll_i" with the following parameter: File: /workspace/modules/jtframe/target/mister/hdl/sys/pll_hdmi/pll_hdmi_0002.v Line: 239
    Info (12134): Parameter "fractional_vco_multiplier" = "true"
    Info (12134): Parameter "reference_clock_frequency" = "50.0 MHz"
    Info (12134): Parameter "pll_fractional_cout" = "32"
    Info (12134): Parameter "pll_dsm_out_sel" = "1st_order"
    Info (12134): Parameter "operation_mode" = "direct"
    Info (12134): Parameter "number_of_clocks" = "1"
    Info (12134): Parameter "output_clock_frequency0" = "148.500000 MHz"
    Info (12134): Parameter "phase_shift0" = "0 ps"
    Info (12134): Parameter "duty_cycle0" = "50"
    Info (12134): Parameter "output_clock_frequency1" = "0 MHz"
    Info (12134): Parameter "phase_shift1" = "0 ps"
    Info (12134): Parameter "duty_cycle1" = "50"
    Info (12134): Parameter "output_clock_frequency2" = "0 MHz"
    Info (12134): Parameter "phase_shift2" = "0 ps"
    Info (12134): Parameter "duty_cycle2" = "50"
    Info (12134): Parameter "output_clock_frequency3" = "0 MHz"
    Info (12134): Parameter "phase_shift3" = "0 ps"
    Info (12134): Parameter "duty_cycle3" = "50"
    Info (12134): Parameter "output_clock_frequency4" = "0 MHz"
    Info (12134): Parameter "phase_shift4" = "0 ps"
    Info (12134): Parameter "duty_cycle4" = "50"
    Info (12134): Parameter "output_clock_frequency5" = "0 MHz"
    Info (12134): Parameter "phase_shift5" = "0 ps"
    Info (12134): Parameter "duty_cycle5" = "50"
    Info (12134): Parameter "output_clock_frequency6" = "0 MHz"
    Info (12134): Parameter "phase_shift6" = "0 ps"
    Info (12134): Parameter "duty_cycle6" = "50"
    Info (12134): Parameter "output_clock_frequency7" = "0 MHz"
    Info (12134): Parameter "phase_shift7" = "0 ps"
    Info (12134): Parameter "duty_cycle7" = "50"
    Info (12134): Parameter "output_clock_frequency8" = "0 MHz"
    Info (12134): Parameter "phase_shift8" = "0 ps"
    Info (12134): Parameter "duty_cycle8" = "50"
    Info (12134): Parameter "output_clock_frequency9" = "0 MHz"
    Info (12134): Parameter "phase_shift9" = "0 ps"
    Info (12134): Parameter "duty_cycle9" = "50"
    Info (12134): Parameter "output_clock_frequency10" = "0 MHz"
    Info (12134): Parameter "phase_shift10" = "0 ps"
    Info (12134): Parameter "duty_cycle10" = "50"
    Info (12134): Parameter "output_clock_frequency11" = "0 MHz"
    Info (12134): Parameter "phase_shift11" = "0 ps"
    Info (12134): Parameter "duty_cycle11" = "50"
    Info (12134): Parameter "output_clock_frequency12" = "0 MHz"
    Info (12134): Parameter "phase_shift12" = "0 ps"
    Info (12134): Parameter "duty_cycle12" = "50"
    Info (12134): Parameter "output_clock_frequency13" = "0 MHz"
    Info (12134): Parameter "phase_shift13" = "0 ps"
    Info (12134): Parameter "duty_cycle13" = "50"
    Info (12134): Parameter "output_clock_frequency14" = "0 MHz"
    Info (12134): Parameter "phase_shift14" = "0 ps"
    Info (12134): Parameter "duty_cycle14" = "50"
    Info (12134): Parameter "output_clock_frequency15" = "0 MHz"
    Info (12134): Parameter "phase_shift15" = "0 ps"
    Info (12134): Parameter "duty_cycle15" = "50"
    Info (12134): Parameter "output_clock_frequency16" = "0 MHz"
    Info (12134): Parameter "phase_shift16" = "0 ps"
    Info (12134): Parameter "duty_cycle16" = "50"
    Info (12134): Parameter "output_clock_frequency17" = "0 MHz"
    Info (12134): Parameter "phase_shift17" = "0 ps"
    Info (12134): Parameter "duty_cycle17" = "50"
    Info (12134): Parameter "pll_type" = "Cyclone V"
    Info (12134): Parameter "pll_subtype" = "Reconfigurable"
    Info (12134): Parameter "m_cnt_hi_div" = "4"
    Info (12134): Parameter "m_cnt_lo_div" = "4"
    Info (12134): Parameter "n_cnt_hi_div" = "256"
    Info (12134): Parameter "n_cnt_lo_div" = "256"
    Info (12134): Parameter "m_cnt_bypass_en" = "false"
    Info (12134): Parameter "n_cnt_bypass_en" = "true"
    Info (12134): Parameter "m_cnt_odd_div_duty_en" = "false"
    Info (12134): Parameter "n_cnt_odd_div_duty_en" = "false"
    Info (12134): Parameter "c_cnt_hi_div0" = "2"
    Info (12134): Parameter "c_cnt_lo_div0" = "1"
    Info (12134): Parameter "c_cnt_prst0" = "1"
    Info (12134): Parameter "c_cnt_ph_mux_prst0" = "0"
    Info (12134): Parameter "c_cnt_in_src0" = "ph_mux_clk"
    Info (12134): Parameter "c_cnt_bypass_en0" = "false"
    Info (12134): Parameter "c_cnt_odd_div_duty_en0" = "true"
    Info (12134): Parameter "c_cnt_hi_div1" = "1"
    Info (12134): Parameter "c_cnt_lo_div1" = "1"
    Info (12134): Parameter "c_cnt_prst1" = "1"
    Info (12134): Parameter "c_cnt_ph_mux_prst1" = "0"
    Info (12134): Parameter "c_cnt_in_src1" = "ph_mux_clk"
    Info (12134): Parameter "c_cnt_bypass_en1" = "true"
    Info (12134): Parameter "c_cnt_odd_div_duty_en1" = "false"
    Info (12134): Parameter "c_cnt_hi_div2" = "1"
    Info (12134): Parameter "c_cnt_lo_div2" = "1"
    Info (12134): Parameter "c_cnt_prst2" = "1"
    Info (12134): Parameter "c_cnt_ph_mux_prst2" = "0"
    Info (12134): Parameter "c_cnt_in_src2" = "ph_mux_clk"
    Info (12134): Parameter "c_cnt_bypass_en2" = "true"
    Info (12134): Parameter "c_cnt_odd_div_duty_en2" = "false"
    Info (12134): Parameter "c_cnt_hi_div3" = "1"
    Info (12134): Parameter "c_cnt_lo_div3" = "1"
    Info (12134): Parameter "c_cnt_prst3" = "1"
    Info (12134): Parameter "c_cnt_ph_mux_prst3" = "0"
    Info (12134): Parameter "c_cnt_in_src3" = "ph_mux_clk"
    Info (12134): Parameter "c_cnt_bypass_en3" = "true"
    Info (12134): Parameter "c_cnt_odd_div_duty_en3" = "false"
    Info (12134): Parameter "c_cnt_hi_div4" = "1"
    Info (12134): Parameter "c_cnt_lo_div4" = "1"
    Info (12134): Parameter "c_cnt_prst4" = "1"
    Info (12134): Parameter "c_cnt_ph_mux_prst4" = "0"
    Info (12134): Parameter "c_cnt_in_src4" = "ph_mux_clk"
    Info (12134): Parameter "c_cnt_bypass_en4" = "true"
    Info (12134): Parameter "c_cnt_odd_div_duty_en4" = "false"
    Info (12134): Parameter "c_cnt_hi_div5" = "1"
    Info (12134): Parameter "c_cnt_lo_div5" = "1"
    Info (12134): Parameter "c_cnt_prst5" = "1"
    Info (12134): Parameter "c_cnt_ph_mux_prst5" = "0"
    Info (12134): Parameter "c_cnt_in_src5" = "ph_mux_clk"
    Info (12134): Parameter "c_cnt_bypass_en5" = "true"
    Info (12134): Parameter "c_cnt_odd_div_duty_en5" = "false"
    Info (12134): Parameter "c_cnt_hi_div6" = "1"
    Info (12134): Parameter "c_cnt_lo_div6" = "1"
    Info (12134): Parameter "c_cnt_prst6" = "1"
    Info (12134): Parameter "c_cnt_ph_mux_prst6" = "0"
    Info (12134): Parameter "c_cnt_in_src6" = "ph_mux_clk"
    Info (12134): Parameter "c_cnt_bypass_en6" = "true"
    Info (12134): Parameter "c_cnt_odd_div_duty_en6" = "false"
    Info (12134): Parameter "c_cnt_hi_div7" = "1"
    Info (12134): Parameter "c_cnt_lo_div7" = "1"
    Info (12134): Parameter "c_cnt_prst7" = "1"
    Info (12134): Parameter "c_cnt_ph_mux_prst7" = "0"
    Info (12134): Parameter "c_cnt_in_src7" = "ph_mux_clk"
    Info (12134): Parameter "c_cnt_bypass_en7" = "true"
    Info (12134): Parameter "c_cnt_odd_div_duty_en7" = "false"
    Info (12134): Parameter "c_cnt_hi_div8" = "1"
    Info (12134): Parameter "c_cnt_lo_div8" = "1"
    Info (12134): Parameter "c_cnt_prst8" = "1"
    Info (12134): Parameter "c_cnt_ph_mux_prst8" = "0"
    Info (12134): Parameter "c_cnt_in_src8" = "ph_mux_clk"
    Info (12134): Parameter "c_cnt_bypass_en8" = "true"
    Info (12134): Parameter "c_cnt_odd_div_duty_en8" = "false"
    Info (12134): Parameter "c_cnt_hi_div9" = "1"
    Info (12134): Parameter "c_cnt_lo_div9" = "1"
    Info (12134): Parameter "c_cnt_prst9" = "1"
    Info (12134): Parameter "c_cnt_ph_mux_prst9" = "0"
    Info (12134): Parameter "c_cnt_in_src9" = "ph_mux_clk"
    Info (12134): Parameter "c_cnt_bypass_en9" = "true"
    Info (12134): Parameter "c_cnt_odd_div_duty_en9" = "false"
    Info (12134): Parameter "c_cnt_hi_div10" = "1"
    Info (12134): Parameter "c_cnt_lo_div10" = "1"
    Info (12134): Parameter "c_cnt_prst10" = "1"
    Info (12134): Parameter "c_cnt_ph_mux_prst10" = "0"
    Info (12134): Parameter "c_cnt_in_src10" = "ph_mux_clk"
    Info (12134): Parameter "c_cnt_bypass_en10" = "true"
    Info (12134): Parameter "c_cnt_odd_div_duty_en10" = "false"
    Info (12134): Parameter "c_cnt_hi_div11" = "1"
    Info (12134): Parameter "c_cnt_lo_div11" = "1"
    Info (12134): Parameter "c_cnt_prst11" = "1"
    Info (12134): Parameter "c_cnt_ph_mux_prst11" = "0"
    Info (12134): Parameter "c_cnt_in_src11" = "ph_mux_clk"
    Info (12134): Parameter "c_cnt_bypass_en11" = "true"
    Info (12134): Parameter "c_cnt_odd_div_duty_en11" = "false"
    Info (12134): Parameter "c_cnt_hi_div12" = "1"
    Info (12134): Parameter "c_cnt_lo_div12" = "1"
    Info (12134): Parameter "c_cnt_prst12" = "1"
    Info (12134): Parameter "c_cnt_ph_mux_prst12" = "0"
    Info (12134): Parameter "c_cnt_in_src12" = "ph_mux_clk"
    Info (12134): Parameter "c_cnt_bypass_en12" = "true"
    Info (12134): Parameter "c_cnt_odd_div_duty_en12" = "false"
    Info (12134): Parameter "c_cnt_hi_div13" = "1"
    Info (12134): Parameter "c_cnt_lo_div13" = "1"
    Info (12134): Parameter "c_cnt_prst13" = "1"
    Info (12134): Parameter "c_cnt_ph_mux_prst13" = "0"
    Info (12134): Parameter "c_cnt_in_src13" = "ph_mux_clk"
    Info (12134): Parameter "c_cnt_bypass_en13" = "true"
    Info (12134): Parameter "c_cnt_odd_div_duty_en13" = "false"
    Info (12134): Parameter "c_cnt_hi_div14" = "1"
    Info (12134): Parameter "c_cnt_lo_div14" = "1"
    Info (12134): Parameter "c_cnt_prst14" = "1"
    Info (12134): Parameter "c_cnt_ph_mux_prst14" = "0"
    Info (12134): Parameter "c_cnt_in_src14" = "ph_mux_clk"
    Info (12134): Parameter "c_cnt_bypass_en14" = "true"
    Info (12134): Parameter "c_cnt_odd_div_duty_en14" = "false"
    Info (12134): Parameter "c_cnt_hi_div15" = "1"
    Info (12134): Parameter "c_cnt_lo_div15" = "1"
    Info (12134): Parameter "c_cnt_prst15" = "1"
    Info (12134): Parameter "c_cnt_ph_mux_prst15" = "0"
    Info (12134): Parameter "c_cnt_in_src15" = "ph_mux_clk"
    Info (12134): Parameter "c_cnt_bypass_en15" = "true"
    Info (12134): Parameter "c_cnt_odd_div_duty_en15" = "false"
    Info (12134): Parameter "c_cnt_hi_div16" = "1"
    Info (12134): Parameter "c_cnt_lo_div16" = "1"
    Info (12134): Parameter "c_cnt_prst16" = "1"
    Info (12134): Parameter "c_cnt_ph_mux_prst16" = "0"
    Info (12134): Parameter "c_cnt_in_src16" = "ph_mux_clk"
    Info (12134): Parameter "c_cnt_bypass_en16" = "true"
    Info (12134): Parameter "c_cnt_odd_div_duty_en16" = "false"
    Info (12134): Parameter "c_cnt_hi_div17" = "1"
    Info (12134): Parameter "c_cnt_lo_div17" = "1"
    Info (12134): Parameter "c_cnt_prst17" = "1"
    Info (12134): Parameter "c_cnt_ph_mux_prst17" = "0"
    Info (12134): Parameter "c_cnt_in_src17" = "ph_mux_clk"
    Info (12134): Parameter "c_cnt_bypass_en17" = "true"
    Info (12134): Parameter "c_cnt_odd_div_duty_en17" = "false"
    Info (12134): Parameter "pll_vco_div" = "2"
    Info (12134): Parameter "pll_cp_current" = "20"
    Info (12134): Parameter "pll_bwctrl" = "4000"
    Info (12134): Parameter "pll_output_clk_frequency" = "445.499999 MHz"
    Info (12134): Parameter "pll_fractional_division" = "3908420153"
    Info (12134): Parameter "mimic_fbclk_type" = "none"
    Info (12134): Parameter "pll_fbclk_mux_1" = "glb"
    Info (12134): Parameter "pll_fbclk_mux_2" = "m_cnt"
    Info (12134): Parameter "pll_m_cnt_in_src" = "ph_mux_clk"
    Info (12134): Parameter "pll_slf_rst" = "true"
Info (12128): Elaborating entity "dps_extra_kick" for hierarchy "pll_hdmi:pll_hdmi|pll_hdmi_0002:pll_hdmi_inst|altera_pll:altera_pll_i|dps_extra_kick:dps_extra_inst" File: /opt/intelFPGA_lite/21.1/quartus/libraries/megafunctions/altera_pll.v Line: 769
Info (12131): Elaborated megafunction instantiation "pll_hdmi:pll_hdmi|pll_hdmi_0002:pll_hdmi_inst|altera_pll:altera_pll_i|dps_extra_kick:dps_extra_inst", which is child of megafunction instantiation "pll_hdmi:pll_hdmi|pll_hdmi_0002:pll_hdmi_inst|altera_pll:altera_pll_i" File: /opt/intelFPGA_lite/21.1/quartus/libraries/megafunctions/altera_pll.v Line: 769
Info (12128): Elaborating entity "dprio_init" for hierarchy "pll_hdmi:pll_hdmi|pll_hdmi_0002:pll_hdmi_inst|altera_pll:altera_pll_i|dprio_init:dprio_init_inst" File: /opt/intelFPGA_lite/21.1/quartus/libraries/megafunctions/altera_pll.v Line: 784
Info (12131): Elaborated megafunction instantiation "pll_hdmi:pll_hdmi|pll_hdmi_0002:pll_hdmi_inst|altera_pll:altera_pll_i|dprio_init:dprio_init_inst", which is child of megafunction instantiation "pll_hdmi:pll_hdmi|pll_hdmi_0002:pll_hdmi_inst|altera_pll:altera_pll_i" File: /opt/intelFPGA_lite/21.1/quartus/libraries/megafunctions/altera_pll.v Line: 784
Info (12128): Elaborating entity "altera_pll_dps_lcell_comb" for hierarchy "pll_hdmi:pll_hdmi|pll_hdmi_0002:pll_hdmi_inst|altera_pll:altera_pll_i|altera_pll_dps_lcell_comb:lcell_cntsel_int_0" File: /opt/intelFPGA_lite/21.1/quartus/libraries/megafunctions/altera_pll.v Line: 1961
Info (12131): Elaborated megafunction instantiation "pll_hdmi:pll_hdmi|pll_hdmi_0002:pll_hdmi_inst|altera_pll:altera_pll_i|altera_pll_dps_lcell_comb:lcell_cntsel_int_0", which is child of megafunction instantiation "pll_hdmi:pll_hdmi|pll_hdmi_0002:pll_hdmi_inst|altera_pll:altera_pll_i" File: /opt/intelFPGA_lite/21.1/quartus/libraries/megafunctions/altera_pll.v Line: 1961
Info (12128): Elaborating entity "altera_pll_dps_lcell_comb" for hierarchy "pll_hdmi:pll_hdmi|pll_hdmi_0002:pll_hdmi_inst|altera_pll:altera_pll_i|altera_pll_dps_lcell_comb:lcell_cntsel_int_1" File: /opt/intelFPGA_lite/21.1/quartus/libraries/megafunctions/altera_pll.v Line: 1972
Info (12131): Elaborated megafunction instantiation "pll_hdmi:pll_hdmi|pll_hdmi_0002:pll_hdmi_inst|altera_pll:altera_pll_i|altera_pll_dps_lcell_comb:lcell_cntsel_int_1", which is child of megafunction instantiation "pll_hdmi:pll_hdmi|pll_hdmi_0002:pll_hdmi_inst|altera_pll:altera_pll_i" File: /opt/intelFPGA_lite/21.1/quartus/libraries/megafunctions/altera_pll.v Line: 1972
Info (12128): Elaborating entity "altera_pll_dps_lcell_comb" for hierarchy "pll_hdmi:pll_hdmi|pll_hdmi_0002:pll_hdmi_inst|altera_pll:altera_pll_i|altera_pll_dps_lcell_comb:lcell_cntsel_int_2" File: /opt/intelFPGA_lite/21.1/quartus/libraries/megafunctions/altera_pll.v Line: 1983
Info (12131): Elaborated megafunction instantiation "pll_hdmi:pll_hdmi|pll_hdmi_0002:pll_hdmi_inst|altera_pll:altera_pll_i|altera_pll_dps_lcell_comb:lcell_cntsel_int_2", which is child of megafunction instantiation "pll_hdmi:pll_hdmi|pll_hdmi_0002:pll_hdmi_inst|altera_pll:altera_pll_i" File: /opt/intelFPGA_lite/21.1/quartus/libraries/megafunctions/altera_pll.v Line: 1983
Info (12128): Elaborating entity "altera_pll_dps_lcell_comb" for hierarchy "pll_hdmi:pll_hdmi|pll_hdmi_0002:pll_hdmi_inst|altera_pll:altera_pll_i|altera_pll_dps_lcell_comb:lcell_cntsel_int_3" File: /opt/intelFPGA_lite/21.1/quartus/libraries/megafunctions/altera_pll.v Line: 1994
Info (12131): Elaborated megafunction instantiation "pll_hdmi:pll_hdmi|pll_hdmi_0002:pll_hdmi_inst|altera_pll:altera_pll_i|altera_pll_dps_lcell_comb:lcell_cntsel_int_3", which is child of megafunction instantiation "pll_hdmi:pll_hdmi|pll_hdmi_0002:pll_hdmi_inst|altera_pll:altera_pll_i" File: /opt/intelFPGA_lite/21.1/quartus/libraries/megafunctions/altera_pll.v Line: 1994
Info (12128): Elaborating entity "altera_pll_dps_lcell_comb" for hierarchy "pll_hdmi:pll_hdmi|pll_hdmi_0002:pll_hdmi_inst|altera_pll:altera_pll_i|altera_pll_dps_lcell_comb:lcell_cntsel_int_4" File: /opt/intelFPGA_lite/21.1/quartus/libraries/megafunctions/altera_pll.v Line: 2005
Info (12131): Elaborated megafunction instantiation "pll_hdmi:pll_hdmi|pll_hdmi_0002:pll_hdmi_inst|altera_pll:altera_pll_i|altera_pll_dps_lcell_comb:lcell_cntsel_int_4", which is child of megafunction instantiation "pll_hdmi:pll_hdmi|pll_hdmi_0002:pll_hdmi_inst|altera_pll:altera_pll_i" File: /opt/intelFPGA_lite/21.1/quartus/libraries/megafunctions/altera_pll.v Line: 2005
Info (12128): Elaborating entity "altera_cyclonev_pll" for hierarchy "pll_hdmi:pll_hdmi|pll_hdmi_0002:pll_hdmi_inst|altera_pll:altera_pll_i|altera_cyclonev_pll:cyclonev_pll" File: /opt/intelFPGA_lite/21.1/quartus/libraries/megafunctions/altera_pll.v Line: 2224
Warning (10034): Output port "extclk" at altera_cyclonev_pll.v(632) has no driver File: /opt/intelFPGA_lite/21.1/quartus/libraries/megafunctions/altera_cyclonev_pll.v Line: 632
Warning (10034): Output port "clkout[0]" at altera_cyclonev_pll.v(637) has no driver File: /opt/intelFPGA_lite/21.1/quartus/libraries/megafunctions/altera_cyclonev_pll.v Line: 637
Warning (10034): Output port "loaden" at altera_cyclonev_pll.v(641) has no driver File: /opt/intelFPGA_lite/21.1/quartus/libraries/megafunctions/altera_cyclonev_pll.v Line: 641
Warning (10034): Output port "lvdsclk" at altera_cyclonev_pll.v(642) has no driver File: /opt/intelFPGA_lite/21.1/quartus/libraries/megafunctions/altera_cyclonev_pll.v Line: 642
Info (12131): Elaborated megafunction instantiation "pll_hdmi:pll_hdmi|pll_hdmi_0002:pll_hdmi_inst|altera_pll:altera_pll_i|altera_cyclonev_pll:cyclonev_pll", which is child of megafunction instantiation "pll_hdmi:pll_hdmi|pll_hdmi_0002:pll_hdmi_inst|altera_pll:altera_pll_i" File: /opt/intelFPGA_lite/21.1/quartus/libraries/megafunctions/altera_pll.v Line: 2224
Info (12128): Elaborating entity "altera_cyclonev_pll_base" for hierarchy "pll_hdmi:pll_hdmi|pll_hdmi_0002:pll_hdmi_inst|altera_pll:altera_pll_i|altera_cyclonev_pll:cyclonev_pll|altera_cyclonev_pll_base:fpll_0" File: /opt/intelFPGA_lite/21.1/quartus/libraries/megafunctions/altera_cyclonev_pll.v Line: 1153
Info (12131): Elaborated megafunction instantiation "pll_hdmi:pll_hdmi|pll_hdmi_0002:pll_hdmi_inst|altera_pll:altera_pll_i|altera_cyclonev_pll:cyclonev_pll|altera_cyclonev_pll_base:fpll_0", which is child of megafunction instantiation "pll_hdmi:pll_hdmi|pll_hdmi_0002:pll_hdmi_inst|altera_pll:altera_pll_i" File: /opt/intelFPGA_lite/21.1/quartus/libraries/megafunctions/altera_cyclonev_pll.v Line: 1153
Info (12128): Elaborating entity "pll_cfg_hdmi" for hierarchy "pll_cfg_hdmi:pll_cfg_hdmi" File: /workspace/modules/jtframe/target/mister/hdl/sys/sys_top.v Line: 1061
Info (12128): Elaborating entity "altera_std_synchronizer" for hierarchy "pll_cfg_hdmi:pll_cfg_hdmi|altera_std_synchronizer:altera_std_synchronizer_inst" File: /workspace/modules/jtframe/target/mister/hdl/sys/pll_cfg/pll_cfg_hdmi.v Line: 271
Info (12130): Elaborated megafunction instantiation "pll_cfg_hdmi:pll_cfg_hdmi|altera_std_synchronizer:altera_std_synchronizer_inst" File: /workspace/modules/jtframe/target/mister/hdl/sys/pll_cfg/pll_cfg_hdmi.v Line: 271
Info (12133): Instantiated megafunction "pll_cfg_hdmi:pll_cfg_hdmi|altera_std_synchronizer:altera_std_synchronizer_inst" with the following parameter: File: /workspace/modules/jtframe/target/mister/hdl/sys/pll_cfg/pll_cfg_hdmi.v Line: 271
    Info (12134): Parameter "depth" = "3"
Info (12128): Elaborating entity "dyn_phase_shift" for hierarchy "pll_cfg_hdmi:pll_cfg_hdmi|dyn_phase_shift:dyn_phase_shift_inst" File: /workspace/modules/jtframe/target/mister/hdl/sys/pll_cfg/pll_cfg_hdmi.v Line: 1169
Info (12128): Elaborating entity "generic_lcell_comb" for hierarchy "pll_cfg_hdmi:pll_cfg_hdmi|dyn_phase_shift:dyn_phase_shift_inst|generic_lcell_comb:lcell_cnt_sel_0" File: /workspace/modules/jtframe/target/mister/hdl/sys/pll_cfg/altera_pll_reconfig_core.v Line: 2060
Info (12128): Elaborating entity "generic_lcell_comb" for hierarchy "pll_cfg_hdmi:pll_cfg_hdmi|dyn_phase_shift:dyn_phase_shift_inst|generic_lcell_comb:lcell_cnt_sel_1" File: /workspace/modules/jtframe/target/mister/hdl/sys/pll_cfg/altera_pll_reconfig_core.v Line: 2071
Info (12128): Elaborating entity "generic_lcell_comb" for hierarchy "pll_cfg_hdmi:pll_cfg_hdmi|dyn_phase_shift:dyn_phase_shift_inst|generic_lcell_comb:lcell_cnt_sel_2" File: /workspace/modules/jtframe/target/mister/hdl/sys/pll_cfg/altera_pll_reconfig_core.v Line: 2082
Info (12128): Elaborating entity "generic_lcell_comb" for hierarchy "pll_cfg_hdmi:pll_cfg_hdmi|dyn_phase_shift:dyn_phase_shift_inst|generic_lcell_comb:lcell_cnt_sel_3" File: /workspace/modules/jtframe/target/mister/hdl/sys/pll_cfg/altera_pll_reconfig_core.v Line: 2093
Info (12128): Elaborating entity "generic_lcell_comb" for hierarchy "pll_cfg_hdmi:pll_cfg_hdmi|dyn_phase_shift:dyn_phase_shift_inst|generic_lcell_comb:lcell_cnt_sel_4" File: /workspace/modules/jtframe/target/mister/hdl/sys/pll_cfg/altera_pll_reconfig_core.v Line: 2104
Info (12128): Elaborating entity "self_reset" for hierarchy "pll_cfg_hdmi:pll_cfg_hdmi|self_reset:self_reset_inst" File: /workspace/modules/jtframe/target/mister/hdl/sys/pll_cfg/pll_cfg_hdmi.v Line: 1173
Info (12128): Elaborating entity "dprio_mux" for hierarchy "pll_cfg_hdmi:pll_cfg_hdmi|dprio_mux:dprio_mux_inst" File: /workspace/modules/jtframe/target/mister/hdl/sys/pll_cfg/pll_cfg_hdmi.v Line: 1211
Info (12128): Elaborating entity "fpll_dprio_init" for hierarchy "pll_cfg_hdmi:pll_cfg_hdmi|fpll_dprio_init:fpll_dprio_init_inst" File: /workspace/modules/jtframe/target/mister/hdl/sys/pll_cfg/pll_cfg_hdmi.v Line: 1230
Info (12128): Elaborating entity "shadowmask" for hierarchy "shadowmask:HDMI_shadowmask" File: /workspace/modules/jtframe/target/mister/hdl/sys/sys_top.v Line: 1155
Info (12128): Elaborating entity "osd" for hierarchy "osd:hdmi_osd" File: /workspace/modules/jtframe/target/mister/hdl/sys/sys_top.v Line: 1178
Warning (10230): Verilog HDL assignment warning at osd.sv(311): truncated value with size 13 to match size of target (12) File: /workspace/modules/jtframe/target/mister/hdl/sys/osd.sv Line: 311
Info (12128): Elaborating entity "altsyncram" for hierarchy "osd:hdmi_osd|altsyncram:osd_buf_ram" File: /workspace/modules/jtframe/target/mister/hdl/sys/osd.sv Line: 97
Info (12130): Elaborated megafunction instantiation "osd:hdmi_osd|altsyncram:osd_buf_ram" File: /workspace/modules/jtframe/target/mister/hdl/sys/osd.sv Line: 97
Info (12133): Instantiated megafunction "osd:hdmi_osd|altsyncram:osd_buf_ram" with the following parameter: File: /workspace/modules/jtframe/target/mister/hdl/sys/osd.sv Line: 97
    Info (12134): Parameter "operation_mode" = "DUAL_PORT"
    Info (12134): Parameter "width_a" = "8"
    Info (12134): Parameter "widthad_a" = "12"
    Info (12134): Parameter "numwords_a" = "4096"
    Info (12134): Parameter "width_b" = "8"
    Info (12134): Parameter "widthad_b" = "12"
    Info (12134): Parameter "numwords_b" = "4096"
    Info (12134): Parameter "outdata_reg_b" = "CLOCK1"
    Info (12134): Parameter "ram_block_type" = "M10K"
    Info (12134): Parameter "read_during_write_mode_mixed_ports" = "DONT_CARE"
    Info (12134): Parameter "lpm_type" = "altsyncram"
    Info (12134): Parameter "intended_device_family" = "Cyclone V"
Info (12021): Found 1 design units, including 1 entities, in source file db/altsyncram_dfe1.tdf
    Info (12023): Found entity 1: altsyncram_dfe1 File: /workspace/cores/sftm/mister/db/altsyncram_dfe1.tdf Line: 28
Info (12128): Elaborating entity "altsyncram_dfe1" for hierarchy "osd:hdmi_osd|altsyncram:osd_buf_ram|altsyncram_dfe1:auto_generated" File: /opt/intelFPGA_lite/21.1/quartus/libraries/megafunctions/altsyncram.tdf Line: 792
Warning (287013): Variable or input pin "data_b" is defined but never used. File: /workspace/cores/sftm/mister/db/altsyncram_dfe1.tdf Line: 36
Info (12128): Elaborating entity "jtframe_logo" for hierarchy "osd:hdmi_osd|jtframe_logo:u_logo" File: /workspace/modules/jtframe/target/mister/hdl/sys/osd.sv Line: 363
Info (12128): Elaborating entity "jtframe_prom" for hierarchy "osd:hdmi_osd|jtframe_logo:u_logo|jtframe_prom:u_tiles" File: /workspace/modules/jtframe/hdl/video/jtframe_logo.v Line: 46
Info (12128): Elaborating entity "jtframe_prom" for hierarchy "osd:hdmi_osd|jtframe_logo:u_logo|jtframe_prom:u_map" File: /workspace/modules/jtframe/hdl/video/jtframe_logo.v Line: 56
Info (12128): Elaborating entity "jtframe_tilemap" for hierarchy "osd:hdmi_osd|jtframe_logo:u_logo|jtframe_tilemap:u_tilemap" File: /workspace/modules/jtframe/hdl/video/jtframe_logo.v Line: 96
Info (12128): Elaborating entity "csync" for hierarchy "csync:csync_hdmi" File: /workspace/modules/jtframe/target/mister/hdl/sys/sys_top.v Line: 1181
Info (12128): Elaborating entity "altddio_out" for hierarchy "altddio_out:hdmiclk_ddr" File: /workspace/modules/jtframe/target/mister/hdl/sys/sys_top.v Line: 1274
Info (12130): Elaborated megafunction instantiation "altddio_out:hdmiclk_ddr" File: /workspace/modules/jtframe/target/mister/hdl/sys/sys_top.v Line: 1274
Info (12133): Instantiated megafunction "altddio_out:hdmiclk_ddr" with the following parameter: File: /workspace/modules/jtframe/target/mister/hdl/sys/sys_top.v Line: 1274
    Info (12134): Parameter "extend_oe_disable" = "OFF"
    Info (12134): Parameter "intended_device_family" = "Cyclone V"
    Info (12134): Parameter "invert_output" = "OFF"
    Info (12134): Parameter "lpm_hint" = "UNUSED"
    Info (12134): Parameter "lpm_type" = "altddio_out"
    Info (12134): Parameter "oe_reg" = "UNREGISTERED"
    Info (12134): Parameter "power_up_high" = "OFF"
    Info (12134): Parameter "width" = "1"
Info (12021): Found 1 design units, including 1 entities, in source file db/ddio_out_b2j.tdf
    Info (12023): Found entity 1: ddio_out_b2j File: /workspace/cores/sftm/mister/db/ddio_out_b2j.tdf Line: 28
Info (12128): Elaborating entity "ddio_out_b2j" for hierarchy "altddio_out:hdmiclk_ddr|ddio_out_b2j:auto_generated" File: /opt/intelFPGA_lite/21.1/quartus/libraries/megafunctions/altddio_out.tdf Line: 101
Info (12128): Elaborating entity "altddio_out" for hierarchy "altddio_out:vgaclk_ddr" File: /workspace/modules/jtframe/target/mister/hdl/sys/sys_top.v Line: 1355
Info (12130): Elaborated megafunction instantiation "altddio_out:vgaclk_ddr" File: /workspace/modules/jtframe/target/mister/hdl/sys/sys_top.v Line: 1355
Info (12133): Instantiated megafunction "altddio_out:vgaclk_ddr" with the following parameter: File: /workspace/modules/jtframe/target/mister/hdl/sys/sys_top.v Line: 1355
    Info (12134): Parameter "extend_oe_disable" = "OFF"
    Info (12134): Parameter "intended_device_family" = "Cyclone V"
    Info (12134): Parameter "invert_output" = "OFF"
    Info (12134): Parameter "lpm_hint" = "UNUSED"
    Info (12134): Parameter "lpm_type" = "altddio_out"
    Info (12134): Parameter "oe_reg" = "UNREGISTERED"
    Info (12134): Parameter "power_up_high" = "OFF"
    Info (12134): Parameter "width" = "1"
Info (12021): Found 1 design units, including 1 entities, in source file db/ddio_out_1oj.tdf
    Info (12023): Found entity 1: ddio_out_1oj File: /workspace/cores/sftm/mister/db/ddio_out_1oj.tdf Line: 30
Info (12128): Elaborating entity "ddio_out_1oj" for hierarchy "altddio_out:vgaclk_ddr|ddio_out_1oj:auto_generated" File: /opt/intelFPGA_lite/21.1/quartus/libraries/megafunctions/altddio_out.tdf Line: 101
Info (12128): Elaborating entity "scanlines" for hierarchy "scanlines:VGA_scanlines" File: /workspace/modules/jtframe/target/mister/hdl/sys/sys_top.v Line: 1376
Info (12128): Elaborating entity "yc_out" for hierarchy "yc_out:yc_out" File: /workspace/modules/jtframe/target/mister/hdl/sys/sys_top.v Line: 1429
Info (12128): Elaborating entity "vga_out" for hierarchy "vga_out:vga_scaler_out" File: /workspace/modules/jtframe/target/mister/hdl/sys/sys_top.v Line: 1464
Info (12128): Elaborating entity "pll_audio" for hierarchy "pll_audio:pll_audio" File: /workspace/modules/jtframe/target/mister/hdl/sys/sys_top.v Line: 1554
Info (12128): Elaborating entity "pll_audio_0002" for hierarchy "pll_audio:pll_audio|pll_audio_0002:pll_audio_inst" File: /workspace/modules/jtframe/target/mister/hdl/sys/pll_audio.v Line: 19
Info (12128): Elaborating entity "altera_pll" for hierarchy "pll_audio:pll_audio|pll_audio_0002:pll_audio_inst|altera_pll:altera_pll_i" File: /workspace/modules/jtframe/target/mister/hdl/sys/pll_audio/pll_audio_0002.v Line: 85
Info (10008): Verilog HDL or VHDL information: EDA Netlist Writer cannot regroup multidimensional array "wire_to_nowhere_64" into its bus
Info (12130): Elaborated megafunction instantiation "pll_audio:pll_audio|pll_audio_0002:pll_audio_inst|altera_pll:altera_pll_i" File: /workspace/modules/jtframe/target/mister/hdl/sys/pll_audio/pll_audio_0002.v Line: 85
Info (12133): Instantiated megafunction "pll_audio:pll_audio|pll_audio_0002:pll_audio_inst|altera_pll:altera_pll_i" with the following parameter: File: /workspace/modules/jtframe/target/mister/hdl/sys/pll_audio/pll_audio_0002.v Line: 85
    Info (12134): Parameter "fractional_vco_multiplier" = "true"
    Info (12134): Parameter "reference_clock_frequency" = "50.0 MHz"
    Info (12134): Parameter "operation_mode" = "direct"
    Info (12134): Parameter "number_of_clocks" = "1"
    Info (12134): Parameter "output_clock_frequency0" = "24.576000 MHz"
    Info (12134): Parameter "phase_shift0" = "0 ps"
    Info (12134): Parameter "duty_cycle0" = "50"
    Info (12134): Parameter "output_clock_frequency1" = "0 MHz"
    Info (12134): Parameter "phase_shift1" = "0 ps"
    Info (12134): Parameter "duty_cycle1" = "50"
    Info (12134): Parameter "output_clock_frequency2" = "0 MHz"
    Info (12134): Parameter "phase_shift2" = "0 ps"
    Info (12134): Parameter "duty_cycle2" = "50"
    Info (12134): Parameter "output_clock_frequency3" = "0 MHz"
    Info (12134): Parameter "phase_shift3" = "0 ps"
    Info (12134): Parameter "duty_cycle3" = "50"
    Info (12134): Parameter "output_clock_frequency4" = "0 MHz"
    Info (12134): Parameter "phase_shift4" = "0 ps"
    Info (12134): Parameter "duty_cycle4" = "50"
    Info (12134): Parameter "output_clock_frequency5" = "0 MHz"
    Info (12134): Parameter "phase_shift5" = "0 ps"
    Info (12134): Parameter "duty_cycle5" = "50"
    Info (12134): Parameter "output_clock_frequency6" = "0 MHz"
    Info (12134): Parameter "phase_shift6" = "0 ps"
    Info (12134): Parameter "duty_cycle6" = "50"
    Info (12134): Parameter "output_clock_frequency7" = "0 MHz"
    Info (12134): Parameter "phase_shift7" = "0 ps"
    Info (12134): Parameter "duty_cycle7" = "50"
    Info (12134): Parameter "output_clock_frequency8" = "0 MHz"
    Info (12134): Parameter "phase_shift8" = "0 ps"
    Info (12134): Parameter "duty_cycle8" = "50"
    Info (12134): Parameter "output_clock_frequency9" = "0 MHz"
    Info (12134): Parameter "phase_shift9" = "0 ps"
    Info (12134): Parameter "duty_cycle9" = "50"
    Info (12134): Parameter "output_clock_frequency10" = "0 MHz"
    Info (12134): Parameter "phase_shift10" = "0 ps"
    Info (12134): Parameter "duty_cycle10" = "50"
    Info (12134): Parameter "output_clock_frequency11" = "0 MHz"
    Info (12134): Parameter "phase_shift11" = "0 ps"
    Info (12134): Parameter "duty_cycle11" = "50"
    Info (12134): Parameter "output_clock_frequency12" = "0 MHz"
    Info (12134): Parameter "phase_shift12" = "0 ps"
    Info (12134): Parameter "duty_cycle12" = "50"
    Info (12134): Parameter "output_clock_frequency13" = "0 MHz"
    Info (12134): Parameter "phase_shift13" = "0 ps"
    Info (12134): Parameter "duty_cycle13" = "50"
    Info (12134): Parameter "output_clock_frequency14" = "0 MHz"
    Info (12134): Parameter "phase_shift14" = "0 ps"
    Info (12134): Parameter "duty_cycle14" = "50"
    Info (12134): Parameter "output_clock_frequency15" = "0 MHz"
    Info (12134): Parameter "phase_shift15" = "0 ps"
    Info (12134): Parameter "duty_cycle15" = "50"
    Info (12134): Parameter "output_clock_frequency16" = "0 MHz"
    Info (12134): Parameter "phase_shift16" = "0 ps"
    Info (12134): Parameter "duty_cycle16" = "50"
    Info (12134): Parameter "output_clock_frequency17" = "0 MHz"
    Info (12134): Parameter "phase_shift17" = "0 ps"
    Info (12134): Parameter "duty_cycle17" = "50"
    Info (12134): Parameter "pll_type" = "General"
    Info (12134): Parameter "pll_subtype" = "General"
Info (12128): Elaborating entity "audio_out" for hierarchy "audio_out:audio_out" File: /workspace/modules/jtframe/target/mister/hdl/sys/sys_top.v Line: 1592
Info (12128): Elaborating entity "i2s" for hierarchy "audio_out:audio_out|i2s:i2s" File: /workspace/modules/jtframe/target/mister/hdl/sys/audio_out.v Line: 88
Info (12128): Elaborating entity "spdif" for hierarchy "audio_out:audio_out|spdif:toslink" File: /workspace/modules/jtframe/target/mister/hdl/sys/audio_out.v Line: 99
Info (12128): Elaborating entity "sigma_delta_dac" for hierarchy "audio_out:audio_out|sigma_delta_dac:sd_l" File: /workspace/modules/jtframe/target/mister/hdl/sys/audio_out.v Line: 107
Info (12128): Elaborating entity "IIR_filter" for hierarchy "audio_out:audio_out|IIR_filter:IIR_filter" File: /workspace/modules/jtframe/target/mister/hdl/sys/audio_out.v Line: 200
Info (12128): Elaborating entity "iir_filter_tap" for hierarchy "audio_out:audio_out|IIR_filter:IIR_filter|iir_filter_tap:iir_tap_0" File: /workspace/modules/jtframe/target/mister/hdl/sys/iir_filter.v Line: 82
Info (12128): Elaborating entity "DC_blocker" for hierarchy "audio_out:audio_out|DC_blocker:dcb_l" File: /workspace/modules/jtframe/target/mister/hdl/sys/audio_out.v Line: 211
Info (12128): Elaborating entity "aud_mix_top" for hierarchy "audio_out:audio_out|aud_mix_top:audmix_l" File: /workspace/modules/jtframe/target/mister/hdl/sys/audio_out.v Line: 238
Info (12128): Elaborating entity "alsa" for hierarchy "alsa:alsa" File: /workspace/modules/jtframe/target/mister/hdl/sys/sys_top.v Line: 1632
Info (12128): Elaborating entity "sync_fix" for hierarchy "sync_fix:sync_v" File: /workspace/modules/jtframe/target/mister/hdl/sys/sys_top.v Line: 1687
Info (12128): Elaborating entity "emu" for hierarchy "emu:emu" File: /workspace/modules/jtframe/target/mister/hdl/sys/sys_top.v Line: 1865
Info (12128): Elaborating entity "jtframe_sync" for hierarchy "emu:emu|jtframe_sync:u_sync" File: /workspace/modules/jtframe/target/mister/hdl/jtframe_emu.sv Line: 221
Info (12128): Elaborating entity "pll" for hierarchy "emu:emu|pll:pll" File: /workspace/modules/jtframe/target/mister/hdl/jtframe_emu.sv Line: 257
Info (12128): Elaborating entity "pll_0002" for hierarchy "emu:emu|pll:pll|pll_0002:pll_inst" File: /workspace/modules/jtframe/target/mister/hdl/sys/pll.v Line: 30
Info (12128): Elaborating entity "altera_pll" for hierarchy "emu:emu|pll:pll|pll_0002:pll_inst|altera_pll:altera_pll_i" File: /workspace/modules/jtframe/target/mister/hdl/sys/pll/pll_0002.v Line: 100
Info (10008): Verilog HDL or VHDL information: EDA Netlist Writer cannot regroup multidimensional array "wire_to_nowhere_64" into its bus
Info (12130): Elaborated megafunction instantiation "emu:emu|pll:pll|pll_0002:pll_inst|altera_pll:altera_pll_i" File: /workspace/modules/jtframe/target/mister/hdl/sys/pll/pll_0002.v Line: 100
Info (12133): Instantiated megafunction "emu:emu|pll:pll|pll_0002:pll_inst|altera_pll:altera_pll_i" with the following parameter: File: /workspace/modules/jtframe/target/mister/hdl/sys/pll/pll_0002.v Line: 100
    Info (12134): Parameter "fractional_vco_multiplier" = "false"
    Info (12134): Parameter "reference_clock_frequency" = "50.0 MHz"
    Info (12134): Parameter "operation_mode" = "direct"
    Info (12134): Parameter "number_of_clocks" = "6"
    Info (12134): Parameter "output_clock_frequency0" = "48.000000 MHz"
    Info (12134): Parameter "phase_shift0" = "0 ps"
    Info (12134): Parameter "duty_cycle0" = "50"
    Info (12134): Parameter "output_clock_frequency1" = "48.000000 MHz"
    Info (12134): Parameter "phase_shift1" = "5555 ps"
    Info (12134): Parameter "duty_cycle1" = "50"
    Info (12134): Parameter "output_clock_frequency2" = "24.000000 MHz"
    Info (12134): Parameter "phase_shift2" = "0 ps"
    Info (12134): Parameter "duty_cycle2" = "50"
    Info (12134): Parameter "output_clock_frequency3" = "6.000000 MHz"
    Info (12134): Parameter "phase_shift3" = "0 ps"
    Info (12134): Parameter "duty_cycle3" = "50"
    Info (12134): Parameter "output_clock_frequency4" = "96.000000 MHz"
    Info (12134): Parameter "phase_shift4" = "0 ps"
    Info (12134): Parameter "duty_cycle4" = "50"
    Info (12134): Parameter "output_clock_frequency5" = "96.000000 MHz"
    Info (12134): Parameter "phase_shift5" = "-5034 ps"
    Info (12134): Parameter "duty_cycle5" = "50"
    Info (12134): Parameter "output_clock_frequency6" = "0 MHz"
    Info (12134): Parameter "phase_shift6" = "0 ps"
    Info (12134): Parameter "duty_cycle6" = "50"
    Info (12134): Parameter "output_clock_frequency7" = "0 MHz"
    Info (12134): Parameter "phase_shift7" = "0 ps"
    Info (12134): Parameter "duty_cycle7" = "50"
    Info (12134): Parameter "output_clock_frequency8" = "0 MHz"
    Info (12134): Parameter "phase_shift8" = "0 ps"
    Info (12134): Parameter "duty_cycle8" = "50"
    Info (12134): Parameter "output_clock_frequency9" = "0 MHz"
    Info (12134): Parameter "phase_shift9" = "0 ps"
    Info (12134): Parameter "duty_cycle9" = "50"
    Info (12134): Parameter "output_clock_frequency10" = "0 MHz"
    Info (12134): Parameter "phase_shift10" = "0 ps"
    Info (12134): Parameter "duty_cycle10" = "50"
    Info (12134): Parameter "output_clock_frequency11" = "0 MHz"
    Info (12134): Parameter "phase_shift11" = "0 ps"
    Info (12134): Parameter "duty_cycle11" = "50"
    Info (12134): Parameter "output_clock_frequency12" = "0 MHz"
    Info (12134): Parameter "phase_shift12" = "0 ps"
    Info (12134): Parameter "duty_cycle12" = "50"
    Info (12134): Parameter "output_clock_frequency13" = "0 MHz"
    Info (12134): Parameter "phase_shift13" = "0 ps"
    Info (12134): Parameter "duty_cycle13" = "50"
    Info (12134): Parameter "output_clock_frequency14" = "0 MHz"
    Info (12134): Parameter "phase_shift14" = "0 ps"
    Info (12134): Parameter "duty_cycle14" = "50"
    Info (12134): Parameter "output_clock_frequency15" = "0 MHz"
    Info (12134): Parameter "phase_shift15" = "0 ps"
    Info (12134): Parameter "duty_cycle15" = "50"
    Info (12134): Parameter "output_clock_frequency16" = "0 MHz"
    Info (12134): Parameter "phase_shift16" = "0 ps"
    Info (12134): Parameter "duty_cycle16" = "50"
    Info (12134): Parameter "output_clock_frequency17" = "0 MHz"
    Info (12134): Parameter "phase_shift17" = "0 ps"
    Info (12134): Parameter "duty_cycle17" = "50"
    Info (12134): Parameter "pll_type" = "General"
    Info (12134): Parameter "pll_subtype" = "General"
Info (12128): Elaborating entity "jtframe_rst_sync" for hierarchy "emu:emu|jtframe_rst_sync:u_reset96" File: /workspace/modules/jtframe/target/mister/hdl/jtframe_emu.sv Line: 263
Info (12128): Elaborating entity "jtframe_mister" for hierarchy "emu:emu|jtframe_mister:u_frame" File: /workspace/modules/jtframe/target/mister/hdl/jtframe_emu.sv Line: 654
Warning (10036): Verilog HDL or VHDL warning at jtframe_mister.sv(391): object "framebuf_flip" assigned a value but never read File: /workspace/modules/jtframe/target/mister/hdl/jtframe_mister.sv Line: 391
Warning (10030): Net "video_rotated" at jtframe_mister.sv(242) has no driver or initial value, using a default initial value '0' File: /workspace/modules/jtframe/target/mister/hdl/jtframe_mister.sv Line: 242
Warning (10034): Output port "ln_dout" at jtframe_mister.sv(83) has no driver File: /workspace/modules/jtframe/target/mister/hdl/jtframe_mister.sv Line: 83
Warning (10034): Output port "ln_pxl" at jtframe_mister.sv(84) has no driver File: /workspace/modules/jtframe/target/mister/hdl/jtframe_mister.sv Line: 84
Warning (10034): Output port "ln_v" at jtframe_mister.sv(85) has no driver File: /workspace/modules/jtframe/target/mister/hdl/jtframe_mister.sv Line: 85
Warning (10034): Output port "ln_hs" at jtframe_mister.sv(82) has no driver File: /workspace/modules/jtframe/target/mister/hdl/jtframe_mister.sv Line: 82
Warning (10034): Output port "ln_vs" at jtframe_mister.sv(82) has no driver File: /workspace/modules/jtframe/target/mister/hdl/jtframe_mister.sv Line: 82
Warning (10034): Output port "ln_lvbl" at jtframe_mister.sv(82) has no driver File: /workspace/modules/jtframe/target/mister/hdl/jtframe_mister.sv Line: 82
Info (12128): Elaborating entity "jtframe_mister_status" for hierarchy "emu:emu|jtframe_mister:u_frame|jtframe_mister_status:u_status" File: /workspace/modules/jtframe/target/mister/hdl/jtframe_mister.sv Line: 347
Info (12128): Elaborating entity "jtframe_target_info" for hierarchy "emu:emu|jtframe_mister:u_frame|jtframe_target_info:u_target_info" File: /workspace/modules/jtframe/target/mister/hdl/jtframe_mister.sv Line: 376
Info (12128): Elaborating entity "jtframe_resync" for hierarchy "emu:emu|jtframe_mister:u_frame|jtframe_resync:u_resync" File: /workspace/modules/jtframe/target/mister/hdl/jtframe_mister.sv Line: 389
Info (12128): Elaborating entity "jtframe_mister_dwnld" for hierarchy "emu:emu|jtframe_mister:u_frame|jtframe_mister_dwnld:u_dwnld" File: /workspace/modules/jtframe/target/mister/hdl/jtframe_mister.sv Line: 458
Info (12128): Elaborating entity "jtframe_rpwp_ram" for hierarchy "emu:emu|jtframe_mister:u_frame|jtframe_mister_dwnld:u_dwnld|jtframe_rpwp_ram:u_buffer" File: /workspace/modules/jtframe/target/mister/hdl/jtframe_mister_dwnld.v Line: 159
Info (12128): Elaborating entity "jtframe_joymux" for hierarchy "emu:emu|jtframe_mister:u_frame|jtframe_joymux:u_joymux" File: /workspace/modules/jtframe/target/mister/hdl/jtframe_mister.sv Line: 481
Info (12128): Elaborating entity "joy_db15" for hierarchy "emu:emu|jtframe_mister:u_frame|jtframe_joymux:u_joymux|joy_db15:u_db15" File: /workspace/modules/jtframe/target/mister/hdl/jtframe_joymux.v Line: 77
Info (12128): Elaborating entity "hps_io" for hierarchy "emu:emu|jtframe_mister:u_frame|hps_io:u_hps_io" File: /workspace/modules/jtframe/target/mister/hdl/jtframe_mister.sv Line: 583
Info (10264): Verilog HDL Case Statement information at hps_io.sv(428): all case item expressions in this case statement are onehot File: /workspace/modules/jtframe/target/mister/hdl/sys/hps_io.sv Line: 428
Info (10264): Verilog HDL Case Statement information at hps_io.sv(457): all case item expressions in this case statement are onehot File: /workspace/modules/jtframe/target/mister/hdl/sys/hps_io.sv Line: 457
Info (12128): Elaborating entity "video_calc" for hierarchy "emu:emu|jtframe_mister:u_frame|hps_io:u_hps_io|video_calc:video_calc" File: /workspace/modules/jtframe/target/mister/hdl/sys/hps_io.sv Line: 232
Info (12128): Elaborating entity "confstr_rom" for hierarchy "emu:emu|jtframe_mister:u_frame|hps_io:u_hps_io|confstr_rom:confstr_rom" File: /workspace/modules/jtframe/target/mister/hdl/sys/hps_io.sv Line: 240
Warning (10030): Net "rom.data_a" at hps_io.sv(1034) has no driver or initial value, using a default initial value '0' File: /workspace/modules/jtframe/target/mister/hdl/sys/hps_io.sv Line: 1034
Warning (10030): Net "rom.waddr_a" at hps_io.sv(1034) has no driver or initial value, using a default initial value '0' File: /workspace/modules/jtframe/target/mister/hdl/sys/hps_io.sv Line: 1034
Warning (10030): Net "rom.we_a" at hps_io.sv(1034) has no driver or initial value, using a default initial value '0' File: /workspace/modules/jtframe/target/mister/hdl/sys/hps_io.sv Line: 1034
Info (12128): Elaborating entity "ps2_device" for hierarchy "emu:emu|jtframe_mister:u_frame|hps_io:u_hps_io|ps2_device:keyboard" File: /workspace/modules/jtframe/target/mister/hdl/sys/hps_io.sv Line: 590
Info (12128): Elaborating entity "jtframe_hsize" for hierarchy "emu:emu|jtframe_mister:u_frame|jtframe_hsize:u_hsize" File: /workspace/modules/jtframe/target/mister/hdl/jtframe_mister.sv Line: 653
Info (12128): Elaborating entity "jtframe_linebuf" for hierarchy "emu:emu|jtframe_mister:u_frame|jtframe_hsize:u_hsize|jtframe_linebuf:u_line" File: /workspace/modules/jtframe/hdl/video/jtframe_hsize.v Line: 122
Info (12128): Elaborating entity "jtframe_rpwp_ram" for hierarchy "emu:emu|jtframe_mister:u_frame|jtframe_hsize:u_hsize|jtframe_linebuf:u_line|jtframe_rpwp_ram:u_line" File: /workspace/modules/jtframe/hdl/video/jtframe_linebuf.v Line: 63
Info (12128): Elaborating entity "arcade_video" for hierarchy "emu:emu|jtframe_mister:u_frame|arcade_video:u_arcade_video" File: /workspace/modules/jtframe/target/mister/hdl/jtframe_mister.sv Line: 709
Info (12128): Elaborating entity "video_mixer" for hierarchy "emu:emu|jtframe_mister:u_frame|arcade_video:u_arcade_video|video_mixer:video_mixer" File: /workspace/modules/jtframe/target/mister/hdl/sys/arcade_video.v Line: 148
Info (12128): Elaborating entity "video_freezer" for hierarchy "emu:emu|jtframe_mister:u_frame|arcade_video:u_arcade_video|video_mixer:video_mixer|video_freezer:freezer" File: /workspace/modules/jtframe/target/mister/hdl/sys/video_mixer.sv Line: 81
Info (12128): Elaborating entity "sync_lock" for hierarchy "emu:emu|jtframe_mister:u_frame|arcade_video:u_arcade_video|video_mixer:video_mixer|video_freezer:freezer|sync_lock:vs_lock" File: /workspace/modules/jtframe/target/mister/hdl/sys/video_freezer.sv Line: 47
Info (12128): Elaborating entity "sync_lock" for hierarchy "emu:emu|jtframe_mister:u_frame|arcade_video:u_arcade_video|video_mixer:video_mixer|video_freezer:freezer|sync_lock:hs_lock" File: /workspace/modules/jtframe/target/mister/hdl/sys/video_freezer.sv Line: 59
Info (12128): Elaborating entity "scandoubler" for hierarchy "emu:emu|jtframe_mister:u_frame|arcade_video:u_arcade_video|video_mixer:video_mixer|scandoubler:sd" File: /workspace/modules/jtframe/target/mister/hdl/sys/video_mixer.sv Line: 166
Info (12128): Elaborating entity "Hq2x" for hierarchy "emu:emu|jtframe_mister:u_frame|arcade_video:u_arcade_video|video_mixer:video_mixer|scandoubler:sd|Hq2x:Hq2x" File: /workspace/modules/jtframe/target/mister/hdl/sys/scandoubler.v Line: 117
Info (12128): Elaborating entity "jtframe_board" for hierarchy "emu:emu|jtframe_mister:u_frame|jtframe_board:u_board" File: /workspace/modules/jtframe/target/mister/hdl/jtframe_mister.sv Line: 911
Info (12128): Elaborating entity "jtframe_coremod" for hierarchy "emu:emu|jtframe_mister:u_frame|jtframe_board:u_board|jtframe_coremod:u_coremod" File: /workspace/modules/jtframe/hdl/jtframe_board.v Line: 231
Info (12128): Elaborating entity "jtframe_pxlcen" for hierarchy "emu:emu|jtframe_mister:u_frame|jtframe_board:u_board|jtframe_pxlcen:u_pxlcen" File: /workspace/modules/jtframe/hdl/jtframe_board.v Line: 240
Info (10648): Verilog HDL Display System Task info at jtframe_pxlcen.v(35): jtframe_pxlcen: using 3 as clock divider File: /workspace/modules/jtframe/hdl/clocking/jtframe_pxlcen.v Line: 35
Info (12128): Elaborating entity "jtframe_frac_cen" for hierarchy "emu:emu|jtframe_mister:u_frame|jtframe_board:u_board|jtframe_pxlcen:u_pxlcen|jtframe_frac_cen:u_cen" File: /workspace/modules/jtframe/hdl/clocking/jtframe_pxlcen.v Line: 45
Info (12128): Elaborating entity "jtframe_reset" for hierarchy "emu:emu|jtframe_mister:u_frame|jtframe_board:u_board|jtframe_reset:u_reset" File: /workspace/modules/jtframe/hdl/jtframe_board.v Line: 266
Info (12128): Elaborating entity "jtframe_led" for hierarchy "emu:emu|jtframe_mister:u_frame|jtframe_board:u_board|jtframe_led:u_led" File: /workspace/modules/jtframe/hdl/jtframe_board.v Line: 281
Info (12128): Elaborating entity "jtframe_enlarger" for hierarchy "emu:emu|jtframe_mister:u_frame|jtframe_board:u_board|jtframe_led:u_led|jtframe_enlarger:u_enlarger" File: /workspace/modules/jtframe/hdl/jtframe_led.v Line: 54
Info (12128): Elaborating entity "jtframe_keyboard" for hierarchy "emu:emu|jtframe_mister:u_frame|jtframe_board:u_board|jtframe_keyboard:u_keyboard" File: /workspace/modules/jtframe/hdl/jtframe_board.v Line: 391
Info (12128): Elaborating entity "jtframe_ps2key_decoder" for hierarchy "emu:emu|jtframe_mister:u_frame|jtframe_board:u_board|jtframe_keyboard:u_keyboard|jtframe_ps2key_decoder:u_ps2key_decoder" File: /workspace/modules/jtframe/hdl/keyboard/jtframe_keyboard.v Line: 81
Info (12128): Elaborating entity "ps2_intf_v" for hierarchy "emu:emu|jtframe_mister:u_frame|jtframe_board:u_board|jtframe_keyboard:u_keyboard|ps2_intf_v:ps2_keyboard" File: /workspace/modules/jtframe/hdl/keyboard/jtframe_keyboard.v Line: 97
Info (12128): Elaborating entity "jtframe_filter_keyboard" for hierarchy "emu:emu|jtframe_mister:u_frame|jtframe_board:u_board|jtframe_filter_keyboard:u_filter_keyboard" File: /workspace/modules/jtframe/hdl/jtframe_board.v Line: 403
Info (12128): Elaborating entity "jtframe_debug" for hierarchy "emu:emu|jtframe_mister:u_frame|jtframe_board:u_board|jtframe_debug:u_debug" File: /workspace/modules/jtframe/hdl/jtframe_board.v Line: 439
Info (12128): Elaborating entity "jtframe_debug_ctrl" for hierarchy "emu:emu|jtframe_mister:u_frame|jtframe_board:u_board|jtframe_debug:u_debug|jtframe_debug_ctrl:u_ctrl" File: /workspace/modules/jtframe/hdl/debug/jtframe_debug.v Line: 80
Info (12128): Elaborating entity "jtframe_debug_viewmux" for hierarchy "emu:emu|jtframe_mister:u_frame|jtframe_board:u_board|jtframe_debug:u_debug|jtframe_debug_viewmux:u_viewmux" File: /workspace/modules/jtframe/hdl/debug/jtframe_debug.v Line: 98
Info (10264): Verilog HDL Case Statement information at jtframe_debug_viewmux.v(53): all case item expressions in this case statement are onehot File: /workspace/modules/jtframe/hdl/debug/jtframe_debug_viewmux.v Line: 53
Info (12128): Elaborating entity "jtframe_binhex_overlay" for hierarchy "emu:emu|jtframe_mister:u_frame|jtframe_board:u_board|jtframe_debug:u_debug|jtframe_binhex_overlay:u_overlay" File: /workspace/modules/jtframe/hdl/debug/jtframe_debug.v Line: 117
Info (12128): Elaborating entity "jtframe_font" for hierarchy "emu:emu|jtframe_mister:u_frame|jtframe_board:u_board|jtframe_debug:u_debug|jtframe_binhex_overlay:u_overlay|jtframe_font:u_font" File: /workspace/modules/jtframe/hdl/debug/jtframe_binhex_overlay.v Line: 54
Info (12128): Elaborating entity "jtframe_ram" for hierarchy "emu:emu|jtframe_mister:u_frame|jtframe_board:u_board|jtframe_debug:u_debug|jtframe_binhex_overlay:u_overlay|jtframe_font:u_font|jtframe_ram:u_font" File: /workspace/modules/jtframe/hdl/video/jtframe_font.v Line: 35
Info (12128): Elaborating entity "jtframe_video_counter" for hierarchy "emu:emu|jtframe_mister:u_frame|jtframe_board:u_board|jtframe_debug:u_debug|jtframe_video_counter:u_vcounters" File: /workspace/modules/jtframe/hdl/debug/jtframe_debug.v Line: 130
Info (12128): Elaborating entity "jtframe_debug_bus" for hierarchy "emu:emu|jtframe_mister:u_frame|jtframe_board:u_board|jtframe_debug:u_debug|jtframe_debug_bus:u_debug_bus" File: /workspace/modules/jtframe/hdl/debug/jtframe_debug.v Line: 141
Info (12128): Elaborating entity "jtframe_sys_info" for hierarchy "emu:emu|jtframe_mister:u_frame|jtframe_board:u_board|jtframe_sys_info:u_info" File: /workspace/modules/jtframe/hdl/jtframe_board.v Line: 490
Info (12128): Elaborating entity "jtframe_bcd_cnt" for hierarchy "emu:emu|jtframe_mister:u_frame|jtframe_board:u_board|jtframe_sys_info:u_info|jtframe_bcd_cnt:u_frame_cnt" File: /workspace/modules/jtframe/hdl/debug/jtframe_sys_info.v Line: 167
Info (12128): Elaborating entity "jtframe_bcd_cnt" for hierarchy "emu:emu|jtframe_mister:u_frame|jtframe_board:u_board|jtframe_sys_info:u_info|jtframe_bcd_cnt:u_sample_cnt" File: /workspace/modules/jtframe/hdl/debug/jtframe_sys_info.v Line: 175
Info (12128): Elaborating entity "jtframe_sdram_stats" for hierarchy "emu:emu|jtframe_mister:u_frame|jtframe_board:u_board|jtframe_sys_info:u_info|jtframe_sdram_stats:u_stats" File: /workspace/modules/jtframe/hdl/debug/jtframe_sys_info.v Line: 193
Info (12128): Elaborating entity "jtframe_vumeter" for hierarchy "emu:emu|jtframe_mister:u_frame|jtframe_board:u_board|jtframe_sys_info:u_info|jtframe_vumeter:vumeter" File: /workspace/modules/jtframe/hdl/debug/jtframe_sys_info.v Line: 203
Warning (10230): Verilog HDL assignment warning at jtframe_vumeter.sv(58): truncated value with size 32 to match size of target (13) File: /workspace/modules/jtframe/hdl/sound/jtframe_vumeter.sv Line: 58
Info (12128): Elaborating entity "jtframe_volume" for hierarchy "emu:emu|jtframe_mister:u_frame|jtframe_board:u_board|jtframe_volume:u_volume" File: /workspace/modules/jtframe/hdl/jtframe_board.v Line: 508
Info (12128): Elaborating entity "jtframe_short_blank" for hierarchy "emu:emu|jtframe_mister:u_frame|jtframe_board:u_board|jtframe_short_blank:u_short_blank" File: /workspace/modules/jtframe/hdl/jtframe_board.v Line: 525
Info (12128): Elaborating entity "jtframe_inputs" for hierarchy "emu:emu|jtframe_mister:u_frame|jtframe_board:u_board|jtframe_inputs:u_inputs" File: /workspace/modules/jtframe/hdl/jtframe_board.v Line: 634
Info (12128): Elaborating entity "jtframe_joysticks" for hierarchy "emu:emu|jtframe_mister:u_frame|jtframe_board:u_board|jtframe_inputs:u_inputs|jtframe_joysticks:u_joysticks" File: /workspace/modules/jtframe/hdl/keyboard/jtframe_inputs.v Line: 175
Info (12128): Elaborating entity "jtframe_edge" for hierarchy "emu:emu|jtframe_mister:u_frame|jtframe_board:u_board|jtframe_inputs:u_inputs|jtframe_joysticks:u_joysticks|jtframe_edge:u_rst" File: /workspace/modules/jtframe/hdl/keyboard/jtframe_joysticks.v Line: 62
Info (12128): Elaborating entity "jtframe_multiway" for hierarchy "emu:emu|jtframe_mister:u_frame|jtframe_board:u_board|jtframe_inputs:u_inputs|jtframe_joysticks:u_joysticks|jtframe_multiway:u_multiway" File: /workspace/modules/jtframe/hdl/keyboard/jtframe_joysticks.v Line: 76
Info (12128): Elaborating entity "jtframe_multiway_framecnt" for hierarchy "emu:emu|jtframe_mister:u_frame|jtframe_board:u_board|jtframe_inputs:u_inputs|jtframe_joysticks:u_joysticks|jtframe_multiway:u_multiway|jtframe_multiway_framecnt:u_counter" File: /workspace/modules/jtframe/hdl/keyboard/jtframe_multiway.v Line: 39
Info (12128): Elaborating entity "jtframe_multiway_emu_analog" for hierarchy "emu:emu|jtframe_mister:u_frame|jtframe_board:u_board|jtframe_inputs:u_inputs|jtframe_joysticks:u_joysticks|jtframe_multiway:u_multiway|jtframe_multiway_emu_analog:u_joy1_hori" File: /workspace/modules/jtframe/hdl/keyboard/jtframe_multiway.v Line: 40
Info (12128): Elaborating entity "jtframe_merge_keyjoy" for hierarchy "emu:emu|jtframe_mister:u_frame|jtframe_board:u_board|jtframe_inputs:u_inputs|jtframe_joysticks:u_joysticks|jtframe_merge_keyjoy:u_merge" File: /workspace/modules/jtframe/hdl/keyboard/jtframe_joysticks.v Line: 116
Info (12128): Elaborating entity "jtframe_joy_rotate" for hierarchy "emu:emu|jtframe_mister:u_frame|jtframe_board:u_board|jtframe_inputs:u_inputs|jtframe_joysticks:u_joysticks|jtframe_joy_rotate:u_rotate" File: /workspace/modules/jtframe/hdl/keyboard/jtframe_joysticks.v Line: 130
Info (12128): Elaborating entity "jtframe_joystick_lock" for hierarchy "emu:emu|jtframe_mister:u_frame|jtframe_board:u_board|jtframe_inputs:u_inputs|jtframe_joysticks:u_joysticks|jtframe_joystick_lock:u_lock" File: /workspace/modules/jtframe/hdl/keyboard/jtframe_joysticks.v Line: 151
Info (12128): Elaborating entity "jtframe_joy_reorder" for hierarchy "emu:emu|jtframe_mister:u_frame|jtframe_board:u_board|jtframe_inputs:u_inputs|jtframe_joysticks:u_joysticks|jtframe_joy_reorder:u_reorder" File: /workspace/modules/jtframe/hdl/keyboard/jtframe_joysticks.v Line: 162
Info (12128): Elaborating entity "jtframe_joy1_pos" for hierarchy "emu:emu|jtframe_mister:u_frame|jtframe_board:u_board|jtframe_inputs:u_inputs|jtframe_joysticks:u_joysticks|jtframe_joy1_pos:u_joy1_pos" File: /workspace/modules/jtframe/hdl/keyboard/jtframe_joysticks.v Line: 181
Info (12128): Elaborating entity "jtframe_debug_keys" for hierarchy "emu:emu|jtframe_mister:u_frame|jtframe_board:u_board|jtframe_inputs:u_inputs|jtframe_debug_keys:u_debugkeys" File: /workspace/modules/jtframe/hdl/keyboard/jtframe_inputs.v Line: 196
Info (12128): Elaborating entity "jtframe_toggle" for hierarchy "emu:emu|jtframe_mister:u_frame|jtframe_board:u_board|jtframe_inputs:u_inputs|jtframe_debug_keys:u_debugkeys|jtframe_toggle:u_gfxen" File: /workspace/modules/jtframe/hdl/debug/jtframe_debug_keys.v Line: 86
Info (12128): Elaborating entity "jtframe_toggle" for hierarchy "emu:emu|jtframe_mister:u_frame|jtframe_board:u_board|jtframe_inputs:u_inputs|jtframe_debug_keys:u_debugkeys|jtframe_toggle:u_snden" File: /workspace/modules/jtframe/hdl/debug/jtframe_debug_keys.v Line: 96
Info (12128): Elaborating entity "jtframe_pause" for hierarchy "emu:emu|jtframe_mister:u_frame|jtframe_board:u_board|jtframe_inputs:u_inputs|jtframe_pause:u_pause" File: /workspace/modules/jtframe/hdl/keyboard/jtframe_inputs.v Line: 207
Info (12128): Elaborating entity "jtframe_pause_adv_frame" for hierarchy "emu:emu|jtframe_mister:u_frame|jtframe_board:u_board|jtframe_inputs:u_inputs|jtframe_pause:u_pause|jtframe_pause_adv_frame:u_frame" File: /workspace/modules/jtframe/hdl/keyboard/jtframe_pause.v Line: 38
Info (12128): Elaborating entity "jtframe_toggle" for hierarchy "emu:emu|jtframe_mister:u_frame|jtframe_board:u_board|jtframe_inputs:u_inputs|jtframe_pause:u_pause|jtframe_toggle:u_toggle" File: /workspace/modules/jtframe/hdl/keyboard/jtframe_pause.v Line: 45
Info (12128): Elaborating entity "jtframe_dial" for hierarchy "emu:emu|jtframe_mister:u_frame|jtframe_board:u_board|jtframe_inputs:u_inputs|jtframe_dial:u_dial" File: /workspace/modules/jtframe/hdl/keyboard/jtframe_inputs.v Line: 232
Info (12128): Elaborating entity "jtframe_dial_mouse" for hierarchy "emu:emu|jtframe_mister:u_frame|jtframe_board:u_board|jtframe_inputs:u_inputs|jtframe_dial:u_dial|jtframe_dial_mouse:u_dial_mouse_x" File: /workspace/modules/jtframe/hdl/keyboard/jtframe_dial.v Line: 98
Info (12128): Elaborating entity "jt4701_dialemu" for hierarchy "emu:emu|jtframe_mister:u_frame|jtframe_board:u_board|jtframe_inputs:u_inputs|jtframe_dial:u_dial|jt4701_dialemu:u_dial1p" File: /workspace/modules/jtframe/hdl/keyboard/jtframe_dial.v Line: 147
Info (12128): Elaborating entity "jtframe_paddle" for hierarchy "emu:emu|jtframe_mister:u_frame|jtframe_board:u_board|jtframe_inputs:u_inputs|jtframe_paddle:u_paddle" File: /workspace/modules/jtframe/hdl/keyboard/jtframe_inputs.v Line: 242
Info (12128): Elaborating entity "jtframe_mouse" for hierarchy "emu:emu|jtframe_mister:u_frame|jtframe_board:u_board|jtframe_inputs:u_inputs|jtframe_mouse:u_mouse" File: /workspace/modules/jtframe/hdl/keyboard/jtframe_inputs.v Line: 264
Info (12128): Elaborating entity "jtframe_lightgun" for hierarchy "emu:emu|jtframe_mister:u_frame|jtframe_board:u_board|jtframe_inputs:u_inputs|jtframe_lightgun:u_lightgun" File: /workspace/modules/jtframe/hdl/keyboard/jtframe_inputs.v Line: 291
Info (12128): Elaborating entity "jtframe_beta_lock" for hierarchy "emu:emu|jtframe_mister:u_frame|jtframe_board:u_board|jtframe_inputs:u_inputs|jtframe_beta_lock:u_lock" File: /workspace/modules/jtframe/hdl/keyboard/jtframe_inputs.v Line: 300
Info (12128): Elaborating entity "jtframe_rec_inputs" for hierarchy "emu:emu|jtframe_mister:u_frame|jtframe_board:u_board|jtframe_inputs:u_inputs|jtframe_rec_inputs:u_rec" File: /workspace/modules/jtframe/hdl/keyboard/jtframe_inputs.v Line: 321
Info (12128): Elaborating entity "jtframe_dip" for hierarchy "emu:emu|jtframe_mister:u_frame|jtframe_board:u_board|jtframe_dip:u_dip" File: /workspace/modules/jtframe/hdl/jtframe_board.v Line: 654
Info (12128): Elaborating entity "jtframe_crosshair" for hierarchy "emu:emu|jtframe_mister:u_frame|jtframe_board:u_board|jtframe_crosshair:u_crosshair" File: /workspace/modules/jtframe/hdl/jtframe_board.v Line: 681
Info (12128): Elaborating entity "jtframe_board_sdram" for hierarchy "emu:emu|jtframe_mister:u_frame|jtframe_board:u_board|jtframe_board_sdram:u_sdram" File: /workspace/modules/jtframe/hdl/jtframe_board.v Line: 874
Info (12128): Elaborating entity "jtframe_frac_cen" for hierarchy "emu:emu|jtframe_mister:u_frame|jtframe_board:u_board|jtframe_board_sdram:u_sdram|jtframe_frac_cen:u_rfsh" File: /workspace/modules/jtframe/hdl/jtframe_board_sdram.v Line: 169
Info (12128): Elaborating entity "jtframe_sdram64" for hierarchy "emu:emu|jtframe_mister:u_frame|jtframe_board:u_board|jtframe_board_sdram:u_sdram|jtframe_sdram64:u_sdram" File: /workspace/modules/jtframe/hdl/jtframe_board_sdram.v Line: 316
Info (12128): Elaborating entity "jtframe_sdram64_latch" for hierarchy "emu:emu|jtframe_mister:u_frame|jtframe_board:u_board|jtframe_board_sdram:u_sdram|jtframe_sdram64:u_sdram|jtframe_sdram64_latch:u_latch" File: /workspace/modules/jtframe/hdl/sdram/jtframe_sdram64.v Line: 272
Info (12128): Elaborating entity "jtframe_sdram64_init" for hierarchy "emu:emu|jtframe_mister:u_frame|jtframe_board:u_board|jtframe_board_sdram:u_sdram|jtframe_sdram64:u_sdram|jtframe_sdram64_init:u_init" File: /workspace/modules/jtframe/hdl/sdram/jtframe_sdram64.v Line: 282
Info (12128): Elaborating entity "jtframe_sdram64_rfsh" for hierarchy "emu:emu|jtframe_mister:u_frame|jtframe_board:u_board|jtframe_board_sdram:u_sdram|jtframe_sdram64:u_sdram|jtframe_sdram64_rfsh:u_rfsh" File: /workspace/modules/jtframe/hdl/sdram/jtframe_sdram64.v Line: 297
Info (12128): Elaborating entity "jtframe_sdram64_bank" for hierarchy "emu:emu|jtframe_mister:u_frame|jtframe_board:u_board|jtframe_board_sdram:u_sdram|jtframe_sdram64:u_sdram|jtframe_sdram64_bank:u_prog" File: /workspace/modules/jtframe/hdl/sdram/jtframe_sdram64.v Line: 348
Info (12128): Elaborating entity "jtframe_sdram64_bank" for hierarchy "emu:emu|jtframe_mister:u_frame|jtframe_board:u_board|jtframe_board_sdram:u_sdram|jtframe_sdram64:u_sdram|jtframe_sdram64_bank:u_bank0" File: /workspace/modules/jtframe/hdl/sdram/jtframe_sdram64.v Line: 396
Info (12128): Elaborating entity "video_freak" for hierarchy "emu:emu|jtframe_mister:u_frame|video_freak:u_crop" File: /workspace/modules/jtframe/target/mister/hdl/jtframe_mister.sv Line: 936
Info (12128): Elaborating entity "video_scale_int" for hierarchy "emu:emu|jtframe_mister:u_frame|video_freak:u_crop|video_scale_int:scale" File: /workspace/modules/jtframe/target/mister/hdl/sys/video_freak.sv Line: 136
Info (12128): Elaborating entity "jtframe_mr_ddrmux" for hierarchy "emu:emu|jtframe_mister:u_frame|jtframe_mr_ddrmux:u_ddrmux" File: /workspace/modules/jtframe/target/mister/hdl/jtframe_mister.sv Line: 1110
Info (12128): Elaborating entity "jtsftm_game_sdram" for hierarchy "emu:emu|jtsftm_game_sdram:u_game" File: /workspace/modules/jtframe/hdl/inc/jtframe_game_instance.v Line: 238
Info (12128): Elaborating entity "jtframe_rsthold" for hierarchy "emu:emu|jtsftm_game_sdram:u_game|jtframe_rsthold:u_hold" File: /workspace/cores/sftm/mister/jtsftm_game_sdram.v Line: 102
Info (12128): Elaborating entity "jtsftm_game" for hierarchy "emu:emu|jtsftm_game_sdram:u_game|jtsftm_game:u_game" File: /workspace/cores/sftm/mister/jtsftm_game_sdram.v Line: 270
Warning (10036): Verilog HDL or VHDL warning at jtsftm_game.v(263): object "unused" assigned a value but never read File: /workspace/cores/sftm/hdl/jtsftm_game.v Line: 263
Warning (10034): Output port "snd" at mem_ports.inc(17) has no driver File: /workspace/cores/sftm/mister/mem_ports.inc Line: 17
Warning (10034): Output port "dip_flip" at jtframe_common_ports.inc(46) has no driver File: /workspace/modules/jtframe/hdl/inc/jtframe_common_ports.inc Line: 46
Info (12128): Elaborating entity "sftm_main" for hierarchy "emu:emu|jtsftm_game_sdram:u_game|jtsftm_game:u_game|sftm_main:u_main" File: /workspace/cores/sftm/hdl/jtsftm_game.v Line: 134
Warning (10036): Verilog HDL or VHDL warning at sftm_main.v(616): object "pc_vec" assigned a value but never read File: /workspace/cores/sftm/hdl/sftm_main.v Line: 616
Warning (10036): Verilog HDL or VHDL warning at sftm_main.v(616): object "pc_stuck" assigned a value but never read File: /workspace/cores/sftm/hdl/sftm_main.v Line: 616
Warning (10036): Verilog HDL or VHDL warning at sftm_main.v(617): object "pc_now" assigned a value but never read File: /workspace/cores/sftm/hdl/sftm_main.v Line: 617
Warning (10036): Verilog HDL or VHDL warning at sftm_main.v(631): object "dbg_fbe" assigned a value but never read File: /workspace/cores/sftm/hdl/sftm_main.v Line: 631
Warning (10036): Verilog HDL or VHDL warning at sftm_main.v(632): object "dbg_406" assigned a value but never read File: /workspace/cores/sftm/hdl/sftm_main.v Line: 632
Warning (10036): Verilog HDL or VHDL warning at sftm_main.v(632): object "dbg_407" assigned a value but never read File: /workspace/cores/sftm/hdl/sftm_main.v Line: 632
Warning (10036): Verilog HDL or VHDL warning at sftm_main.v(632): object "dbg_408" assigned a value but never read File: /workspace/cores/sftm/hdl/sftm_main.v Line: 632
Warning (10036): Verilog HDL or VHDL warning at sftm_main.v(640): object "dbg_400" assigned a value but never read File: /workspace/cores/sftm/hdl/sftm_main.v Line: 640
Warning (10036): Verilog HDL or VHDL warning at sftm_main.v(640): object "dbg_44e" assigned a value but never read File: /workspace/cores/sftm/hdl/sftm_main.v Line: 640
Warning (10036): Verilog HDL or VHDL warning at sftm_main.v(640): object "dbg_1104" assigned a value but never read File: /workspace/cores/sftm/hdl/sftm_main.v Line: 640
Warning (10036): Verilog HDL or VHDL warning at sftm_main.v(647): object "pc_at_ack" assigned a value but never read File: /workspace/cores/sftm/hdl/sftm_main.v Line: 647
Warning (10036): Verilog HDL or VHDL warning at sftm_main.v(655): object "pc_at_1104" assigned a value but never read File: /workspace/cores/sftm/hdl/sftm_main.v Line: 655
Warning (10036): Verilog HDL or VHDL warning at sftm_main.v(667): object "dbg_44a" assigned a value but never read File: /workspace/cores/sftm/hdl/sftm_main.v Line: 667
Warning (10036): Verilog HDL or VHDL warning at sftm_main.v(669): object "task_ever" assigned a value but never read File: /workspace/cores/sftm/hdl/sftm_main.v Line: 669
Warning (10036): Verilog HDL or VHDL warning at sftm_main.v(675): object "a2_ever" assigned a value but never read File: /workspace/cores/sftm/hdl/sftm_main.v Line: 675
Warning (10036): Verilog HDL or VHDL warning at sftm_main.v(675): object "a3_ever" assigned a value but never read File: /workspace/cores/sftm/hdl/sftm_main.v Line: 675
Warning (10036): Verilog HDL or VHDL warning at sftm_main.v(675): object "a4_ever" assigned a value but never read File: /workspace/cores/sftm/hdl/sftm_main.v Line: 675
Warning (10036): Verilog HDL or VHDL warning at sftm_main.v(675): object "a5_ever" assigned a value but never read File: /workspace/cores/sftm/hdl/sftm_main.v Line: 675
Warning (10036): Verilog HDL or VHDL warning at sftm_main.v(676): object "pc_now2" assigned a value but never read File: /workspace/cores/sftm/hdl/sftm_main.v Line: 676
Warning (10036): Verilog HDL or VHDL warning at sftm_main.v(694): object "sf_v60" assigned a value but never read File: /workspace/cores/sftm/hdl/sftm_main.v Line: 694
Warning (10036): Verilog HDL or VHDL warning at sftm_main.v(694): object "sf_v64" assigned a value but never read File: /workspace/cores/sftm/hdl/sftm_main.v Line: 694
Warning (10036): Verilog HDL or VHDL warning at sftm_main.v(694): object "sf_v68" assigned a value but never read File: /workspace/cores/sftm/hdl/sftm_main.v Line: 694
Warning (10036): Verilog HDL or VHDL warning at sftm_main.v(694): object "sf_v6c" assigned a value but never read File: /workspace/cores/sftm/hdl/sftm_main.v Line: 694
Warning (10036): Verilog HDL or VHDL warning at sftm_main.v(695): object "sf_vreg_wr" assigned a value but never read File: /workspace/cores/sftm/hdl/sftm_main.v Line: 695
Warning (10036): Verilog HDL or VHDL warning at sftm_main.v(695): object "sf_cmd_wr" assigned a value but never read File: /workspace/cores/sftm/hdl/sftm_main.v Line: 695
Warning (10036): Verilog HDL or VHDL warning at sftm_main.v(695): object "sf_inten_wr" assigned a value but never read File: /workspace/cores/sftm/hdl/sftm_main.v Line: 695
Warning (10036): Verilog HDL or VHDL warning at sftm_main.v(696): object "sf_int_ack" assigned a value but never read File: /workspace/cores/sftm/hdl/sftm_main.v Line: 696
Warning (10036): Verilog HDL or VHDL warning at sftm_main.v(696): object "sf_plane_wr" assigned a value but never read File: /workspace/cores/sftm/hdl/sftm_main.v Line: 696
Warning (10036): Verilog HDL or VHDL warning at sftm_main.v(696): object "sf_prot_rd" assigned a value but never read File: /workspace/cores/sftm/hdl/sftm_main.v Line: 696
Warning (10036): Verilog HDL or VHDL warning at sftm_main.v(841): object "unused_dbg" assigned a value but never read File: /workspace/cores/sftm/hdl/sftm_main.v Line: 841
Warning (10036): Verilog HDL or VHDL warning at sftm_main.v(842): object "unused_nop" assigned a value but never read File: /workspace/cores/sftm/hdl/sftm_main.v Line: 842
Info (12128): Elaborating entity "TG68KdotC_Kernel" for hierarchy "emu:emu|jtsftm_game_sdram:u_game|jtsftm_game:u_game|sftm_main:u_main|TG68KdotC_Kernel:u_cpu" File: /workspace/cores/sftm/hdl/sftm_main.v Line: 590
Info (12128): Elaborating entity "TG68K_ALU" for hierarchy "emu:emu|jtsftm_game_sdram:u_game|jtsftm_game:u_game|sftm_main:u_main|TG68KdotC_Kernel:u_cpu|TG68K_ALU:ALU" File: /workspace/cores/sftm/hdl/tg68k/TG68KdotC_Kernel.vhd Line: 372
Info (12128): Elaborating entity "sftm_video" for hierarchy "emu:emu|jtsftm_game_sdram:u_game|jtsftm_game:u_game|sftm_video:u_video" File: /workspace/cores/sftm/hdl/jtsftm_game.v Line: 199
Warning (10036): Verilog HDL or VHDL warning at sftm_video.v(165): object "b2_d" assigned a value but never read File: /workspace/cores/sftm/hdl/sftm_video.v Line: 165
Warning (10036): Verilog HDL or VHDL warning at sftm_video.v(458): object "unused" assigned a value but never read File: /workspace/cores/sftm/hdl/sftm_video.v Line: 458
Info (12128): Elaborating entity "sftm_blit" for hierarchy "emu:emu|jtsftm_game_sdram:u_game|jtsftm_game:u_game|sftm_video:u_video|sftm_blit:u_blit" File: /workspace/cores/sftm/hdl/sftm_video.v Line: 288
Warning (10036): Verilog HDL or VHDL warning at sftm_blit.v(814): object "unused" assigned a value but never read File: /workspace/cores/sftm/hdl/sftm_blit.v Line: 814
Info (10264): Verilog HDL Case Statement information at sftm_blit.v(240): all case item expressions in this case statement are onehot File: /workspace/cores/sftm/hdl/sftm_blit.v Line: 240
Info (10264): Verilog HDL Case Statement information at sftm_blit.v(566): all case item expressions in this case statement are onehot File: /workspace/cores/sftm/hdl/sftm_blit.v Line: 566
Info (12128): Elaborating entity "sftm_vram" for hierarchy "emu:emu|jtsftm_game_sdram:u_game|jtsftm_game:u_game|sftm_video:u_video|sftm_vram:u_vram" File: /workspace/cores/sftm/hdl/sftm_video.v Line: 335
Warning (10036): Verilog HDL or VHDL warning at sftm_vram.v(170): object "pf_base" assigned a value but never read File: /workspace/cores/sftm/hdl/sftm_vram.v Line: 170
Info (10264): Verilog HDL Case Statement information at sftm_vram.v(116): all case item expressions in this case statement are onehot File: /workspace/cores/sftm/hdl/sftm_vram.v Line: 116
Warning (10230): Verilog HDL assignment warning at sftm_vram.v(200): truncated value with size 18 to match size of target (17) File: /workspace/cores/sftm/hdl/sftm_vram.v Line: 200
Info (10264): Verilog HDL Case Statement information at sftm_vram.v(238): all case item expressions in this case statement are onehot File: /workspace/cores/sftm/hdl/sftm_vram.v Line: 238
Info (12128): Elaborating entity "sftm_snd" for hierarchy "emu:emu|jtsftm_game_sdram:u_game|jtsftm_game:u_game|sftm_snd:u_snd" File: /workspace/cores/sftm/hdl/jtsftm_game.v Line: 237
Warning (10230): Verilog HDL assignment warning at sftm_snd.v(133): truncated value with size 29 to match size of target (21) File: /workspace/cores/sftm/hdl/sftm_snd.v Line: 133
Info (12128): Elaborating entity "sftm5506" for hierarchy "emu:emu|jtsftm_game_sdram:u_game|jtsftm_game:u_game|sftm_snd:u_snd|sftm5506:u_es" File: /workspace/cores/sftm/hdl/sftm_snd.v Line: 238
Warning (10230): Verilog HDL assignment warning at sftm5506.v(213): truncated value with size 32 to match size of target (21) File: /workspace/cores/sftm/hdl/sftm5506.v Line: 213
Warning (10230): Verilog HDL assignment warning at sftm5506.v(516): truncated value with size 22 to match size of target (21) File: /workspace/cores/sftm/hdl/sftm5506.v Line: 516
Warning (10230): Verilog HDL assignment warning at sftm5506.v(529): truncated value with size 22 to match size of target (21) File: /workspace/cores/sftm/hdl/sftm5506.v Line: 529
Warning (10230): Verilog HDL assignment warning at sftm5506.v(569): truncated value with size 46 to match size of target (32) File: /workspace/cores/sftm/hdl/sftm5506.v Line: 569
Warning (10230): Verilog HDL assignment warning at sftm5506.v(578): truncated value with size 46 to match size of target (32) File: /workspace/cores/sftm/hdl/sftm5506.v Line: 578
Warning (10230): Verilog HDL assignment warning at sftm5506.v(591): truncated value with size 46 to match size of target (32) File: /workspace/cores/sftm/hdl/sftm5506.v Line: 591
Warning (10230): Verilog HDL assignment warning at sftm5506.v(606): truncated value with size 46 to match size of target (32) File: /workspace/cores/sftm/hdl/sftm5506.v Line: 606
Warning (10230): Verilog HDL assignment warning at sftm5506.v(159): truncated value with size 25 to match size of target (16) File: /workspace/cores/sftm/hdl/sftm5506.v Line: 159
Warning (10230): Verilog HDL assignment warning at sftm5506.v(168): truncated value with size 48 to match size of target (32) File: /workspace/cores/sftm/hdl/sftm5506.v Line: 168
Warning (10230): Verilog HDL assignment warning at sftm5506.v(692): truncated value with size 20 to match size of target (16) File: /workspace/cores/sftm/hdl/sftm5506.v Line: 692
Warning (10230): Verilog HDL assignment warning at sftm5506.v(693): truncated value with size 20 to match size of target (16) File: /workspace/cores/sftm/hdl/sftm5506.v Line: 693
Warning (10030): Net "ulaw_lut.data_a" at sftm5506.v(136) has no driver or initial value, using a default initial value '0' File: /workspace/cores/sftm/hdl/sftm5506.v Line: 136
Warning (10030): Net "ulaw_lut.waddr_a" at sftm5506.v(136) has no driver or initial value, using a default initial value '0' File: /workspace/cores/sftm/hdl/sftm5506.v Line: 136
Warning (10030): Net "ulaw_lut.we_a" at sftm5506.v(136) has no driver or initial value, using a default initial value '0' File: /workspace/cores/sftm/hdl/sftm5506.v Line: 136
Info (12128): Elaborating entity "mc6809i" for hierarchy "emu:emu|jtsftm_game_sdram:u_game|jtsftm_game:u_game|sftm_snd:u_snd|mc6809i:u_cpu" File: /workspace/cores/sftm/hdl/sftm_snd.v Line: 295
Info (10264): Verilog HDL Case Statement information at mc6809i.v(3906): all case item expressions in this case statement are onehot File: /workspace/modules/jtframe/hdl/cpu/mc6809i.v Line: 3906
Info (10264): Verilog HDL Case Statement information at mc6809i.v(3952): all case item expressions in this case statement are onehot File: /workspace/modules/jtframe/hdl/cpu/mc6809i.v Line: 3952
Info (12128): Elaborating entity "jtframe_dwnld" for hierarchy "emu:emu|jtsftm_game_sdram:u_game|jtframe_dwnld:u_dwnld" File: /workspace/cores/sftm/mister/jtsftm_game_sdram.v Line: 328
Warning (10036): Verilog HDL or VHDL warning at jtframe_dwnld.v(131): object "balut_bit_addr" assigned a value but never read File: /workspace/modules/jtframe/hdl/sdram/jtframe_dwnld.v Line: 131
Info (12128): Elaborating entity "jtframe_headerbyte" for hierarchy "emu:emu|jtsftm_game_sdram:u_game|jtframe_headerbyte:u_pcbid" File: /workspace/cores/sftm/mister/jtsftm_game_sdram.v Line: 337
Info (12128): Elaborating entity "jtframe_rom_2slots" for hierarchy "emu:emu|jtsftm_game_sdram:u_game|jtframe_rom_2slots:u_bank0" File: /workspace/cores/sftm/mister/jtsftm_game_sdram.v Line: 374
Info (12128): Elaborating entity "jtframe_romrq" for hierarchy "emu:emu|jtsftm_game_sdram:u_game|jtframe_rom_2slots:u_bank0|jtframe_romrq:u_slot0" File: /workspace/modules/jtframe/hdl/sdram/jtframe_rom_2slots.v Line: 102
Info (12128): Elaborating entity "jtframe_romrq_bcache" for hierarchy "emu:emu|jtsftm_game_sdram:u_game|jtframe_rom_2slots:u_bank0|jtframe_romrq:u_slot0|jtframe_romrq_bcache:u_block_cache" File: /workspace/modules/jtframe/hdl/sdram/jtframe_romrq.v Line: 97
Warning (10036): Verilog HDL or VHDL warning at jtframe_romrq_bcache.v(143): object "we_probe" assigned a value but never read File: /workspace/modules/jtframe/hdl/sdram/jtframe_romrq_bcache.v Line: 143
Warning (10036): Verilog HDL or VHDL warning at jtframe_romrq_bcache.v(144): object "dst_probe" assigned a value but never read File: /workspace/modules/jtframe/hdl/sdram/jtframe_romrq_bcache.v Line: 144
Warning (10036): Verilog HDL or VHDL warning at jtframe_romrq_bcache.v(145): object "din_probe" assigned a value but never read File: /workspace/modules/jtframe/hdl/sdram/jtframe_romrq_bcache.v Line: 145
Warning (10036): Verilog HDL or VHDL warning at jtframe_romrq_bcache.v(146): object "addr_probe" assigned a value but never read File: /workspace/modules/jtframe/hdl/sdram/jtframe_romrq_bcache.v Line: 146
Warning (10036): Verilog HDL or VHDL warning at jtframe_romrq_bcache.v(147): object "addr_ok_probe" assigned a value but never read File: /workspace/modules/jtframe/hdl/sdram/jtframe_romrq_bcache.v Line: 147
Warning (10036): Verilog HDL or VHDL warning at jtframe_romrq_bcache.v(148): object "hit0_probe" assigned a value but never read File: /workspace/modules/jtframe/hdl/sdram/jtframe_romrq_bcache.v Line: 148
Warning (10036): Verilog HDL or VHDL warning at jtframe_romrq_bcache.v(149): object "hit1_probe" assigned a value but never read File: /workspace/modules/jtframe/hdl/sdram/jtframe_romrq_bcache.v Line: 149
Warning (10036): Verilog HDL or VHDL warning at jtframe_romrq_bcache.v(150): object "req_probe" assigned a value but never read File: /workspace/modules/jtframe/hdl/sdram/jtframe_romrq_bcache.v Line: 150
Warning (10036): Verilog HDL or VHDL warning at jtframe_romrq_bcache.v(151): object "data_ok_probe" assigned a value but never read File: /workspace/modules/jtframe/hdl/sdram/jtframe_romrq_bcache.v Line: 151
Info (12128): Elaborating entity "jtframe_romrq" for hierarchy "emu:emu|jtsftm_game_sdram:u_game|jtframe_rom_2slots:u_bank0|jtframe_romrq:u_slot1" File: /workspace/modules/jtframe/hdl/sdram/jtframe_rom_2slots.v Line: 122
Info (12128): Elaborating entity "jtframe_romrq_bcache" for hierarchy "emu:emu|jtsftm_game_sdram:u_game|jtframe_rom_2slots:u_bank0|jtframe_romrq:u_slot1|jtframe_romrq_bcache:u_block_cache" File: /workspace/modules/jtframe/hdl/sdram/jtframe_romrq.v Line: 97
Warning (10036): Verilog HDL or VHDL warning at jtframe_romrq_bcache.v(143): object "we_probe" assigned a value but never read File: /workspace/modules/jtframe/hdl/sdram/jtframe_romrq_bcache.v Line: 143
Warning (10036): Verilog HDL or VHDL warning at jtframe_romrq_bcache.v(144): object "dst_probe" assigned a value but never read File: /workspace/modules/jtframe/hdl/sdram/jtframe_romrq_bcache.v Line: 144
Warning (10036): Verilog HDL or VHDL warning at jtframe_romrq_bcache.v(145): object "din_probe" assigned a value but never read File: /workspace/modules/jtframe/hdl/sdram/jtframe_romrq_bcache.v Line: 145
Warning (10036): Verilog HDL or VHDL warning at jtframe_romrq_bcache.v(146): object "addr_probe" assigned a value but never read File: /workspace/modules/jtframe/hdl/sdram/jtframe_romrq_bcache.v Line: 146
Warning (10036): Verilog HDL or VHDL warning at jtframe_romrq_bcache.v(147): object "addr_ok_probe" assigned a value but never read File: /workspace/modules/jtframe/hdl/sdram/jtframe_romrq_bcache.v Line: 147
Warning (10036): Verilog HDL or VHDL warning at jtframe_romrq_bcache.v(148): object "hit0_probe" assigned a value but never read File: /workspace/modules/jtframe/hdl/sdram/jtframe_romrq_bcache.v Line: 148
Warning (10036): Verilog HDL or VHDL warning at jtframe_romrq_bcache.v(149): object "hit1_probe" assigned a value but never read File: /workspace/modules/jtframe/hdl/sdram/jtframe_romrq_bcache.v Line: 149
Warning (10036): Verilog HDL or VHDL warning at jtframe_romrq_bcache.v(150): object "req_probe" assigned a value but never read File: /workspace/modules/jtframe/hdl/sdram/jtframe_romrq_bcache.v Line: 150
Warning (10036): Verilog HDL or VHDL warning at jtframe_romrq_bcache.v(151): object "data_ok_probe" assigned a value but never read File: /workspace/modules/jtframe/hdl/sdram/jtframe_romrq_bcache.v Line: 151
Info (12128): Elaborating entity "jtframe_ramslot_ctrl" for hierarchy "emu:emu|jtsftm_game_sdram:u_game|jtframe_rom_2slots:u_bank0|jtframe_ramslot_ctrl:u_ctrl" File: /workspace/modules/jtframe/hdl/sdram/jtframe_rom_2slots.v Line: 149
Info (12128): Elaborating entity "jtframe_rom_1slot" for hierarchy "emu:emu|jtsftm_game_sdram:u_game|jtframe_rom_1slot:u_bank1" File: /workspace/cores/sftm/mister/jtsftm_game_sdram.v Line: 402
Info (12128): Elaborating entity "jtframe_rom_2slots" for hierarchy "emu:emu|jtsftm_game_sdram:u_game|jtframe_rom_1slot:u_bank1|jtframe_rom_2slots:u_2slots" File: /workspace/modules/jtframe/hdl/sdram/jtframe_rom_1slot.v Line: 86
Info (12128): Elaborating entity "jtframe_romrq" for hierarchy "emu:emu|jtsftm_game_sdram:u_game|jtframe_rom_1slot:u_bank1|jtframe_rom_2slots:u_2slots|jtframe_romrq:u_slot0" File: /workspace/modules/jtframe/hdl/sdram/jtframe_rom_2slots.v Line: 102
Info (12128): Elaborating entity "jtframe_romrq_bcache" for hierarchy "emu:emu|jtsftm_game_sdram:u_game|jtframe_rom_1slot:u_bank1|jtframe_rom_2slots:u_2slots|jtframe_romrq:u_slot0|jtframe_romrq_bcache:u_block_cache" File: /workspace/modules/jtframe/hdl/sdram/jtframe_romrq.v Line: 97
Warning (10036): Verilog HDL or VHDL warning at jtframe_romrq_bcache.v(143): object "we_probe" assigned a value but never read File: /workspace/modules/jtframe/hdl/sdram/jtframe_romrq_bcache.v Line: 143
Warning (10036): Verilog HDL or VHDL warning at jtframe_romrq_bcache.v(144): object "dst_probe" assigned a value but never read File: /workspace/modules/jtframe/hdl/sdram/jtframe_romrq_bcache.v Line: 144
Warning (10036): Verilog HDL or VHDL warning at jtframe_romrq_bcache.v(145): object "din_probe" assigned a value but never read File: /workspace/modules/jtframe/hdl/sdram/jtframe_romrq_bcache.v Line: 145
Warning (10036): Verilog HDL or VHDL warning at jtframe_romrq_bcache.v(146): object "addr_probe" assigned a value but never read File: /workspace/modules/jtframe/hdl/sdram/jtframe_romrq_bcache.v Line: 146
Warning (10036): Verilog HDL or VHDL warning at jtframe_romrq_bcache.v(147): object "addr_ok_probe" assigned a value but never read File: /workspace/modules/jtframe/hdl/sdram/jtframe_romrq_bcache.v Line: 147
Warning (10036): Verilog HDL or VHDL warning at jtframe_romrq_bcache.v(148): object "hit0_probe" assigned a value but never read File: /workspace/modules/jtframe/hdl/sdram/jtframe_romrq_bcache.v Line: 148
Warning (10036): Verilog HDL or VHDL warning at jtframe_romrq_bcache.v(149): object "hit1_probe" assigned a value but never read File: /workspace/modules/jtframe/hdl/sdram/jtframe_romrq_bcache.v Line: 149
Warning (10036): Verilog HDL or VHDL warning at jtframe_romrq_bcache.v(150): object "req_probe" assigned a value but never read File: /workspace/modules/jtframe/hdl/sdram/jtframe_romrq_bcache.v Line: 150
Warning (10036): Verilog HDL or VHDL warning at jtframe_romrq_bcache.v(151): object "data_ok_probe" assigned a value but never read File: /workspace/modules/jtframe/hdl/sdram/jtframe_romrq_bcache.v Line: 151
Info (12128): Elaborating entity "jtframe_romrq" for hierarchy "emu:emu|jtsftm_game_sdram:u_game|jtframe_rom_1slot:u_bank1|jtframe_rom_2slots:u_2slots|jtframe_romrq:u_slot1" File: /workspace/modules/jtframe/hdl/sdram/jtframe_rom_2slots.v Line: 122
Info (12128): Elaborating entity "jtframe_romrq_bcache" for hierarchy "emu:emu|jtsftm_game_sdram:u_game|jtframe_rom_1slot:u_bank1|jtframe_rom_2slots:u_2slots|jtframe_romrq:u_slot1|jtframe_romrq_bcache:u_block_cache" File: /workspace/modules/jtframe/hdl/sdram/jtframe_romrq.v Line: 97
Warning (10036): Verilog HDL or VHDL warning at jtframe_romrq_bcache.v(143): object "we_probe" assigned a value but never read File: /workspace/modules/jtframe/hdl/sdram/jtframe_romrq_bcache.v Line: 143
Warning (10036): Verilog HDL or VHDL warning at jtframe_romrq_bcache.v(144): object "dst_probe" assigned a value but never read File: /workspace/modules/jtframe/hdl/sdram/jtframe_romrq_bcache.v Line: 144
Warning (10036): Verilog HDL or VHDL warning at jtframe_romrq_bcache.v(145): object "din_probe" assigned a value but never read File: /workspace/modules/jtframe/hdl/sdram/jtframe_romrq_bcache.v Line: 145
Warning (10036): Verilog HDL or VHDL warning at jtframe_romrq_bcache.v(146): object "addr_probe" assigned a value but never read File: /workspace/modules/jtframe/hdl/sdram/jtframe_romrq_bcache.v Line: 146
Warning (10036): Verilog HDL or VHDL warning at jtframe_romrq_bcache.v(147): object "addr_ok_probe" assigned a value but never read File: /workspace/modules/jtframe/hdl/sdram/jtframe_romrq_bcache.v Line: 147
Warning (10036): Verilog HDL or VHDL warning at jtframe_romrq_bcache.v(148): object "hit0_probe" assigned a value but never read File: /workspace/modules/jtframe/hdl/sdram/jtframe_romrq_bcache.v Line: 148
Warning (10036): Verilog HDL or VHDL warning at jtframe_romrq_bcache.v(149): object "hit1_probe" assigned a value but never read File: /workspace/modules/jtframe/hdl/sdram/jtframe_romrq_bcache.v Line: 149
Warning (10036): Verilog HDL or VHDL warning at jtframe_romrq_bcache.v(150): object "req_probe" assigned a value but never read File: /workspace/modules/jtframe/hdl/sdram/jtframe_romrq_bcache.v Line: 150
Warning (10036): Verilog HDL or VHDL warning at jtframe_romrq_bcache.v(151): object "data_ok_probe" assigned a value but never read File: /workspace/modules/jtframe/hdl/sdram/jtframe_romrq_bcache.v Line: 151
Info (12128): Elaborating entity "jtframe_rom_1slot" for hierarchy "emu:emu|jtsftm_game_sdram:u_game|jtframe_rom_1slot:u_bank2" File: /workspace/cores/sftm/mister/jtsftm_game_sdram.v Line: 430
Info (12128): Elaborating entity "jtframe_rom_2slots" for hierarchy "emu:emu|jtsftm_game_sdram:u_game|jtframe_rom_1slot:u_bank2|jtframe_rom_2slots:u_2slots" File: /workspace/modules/jtframe/hdl/sdram/jtframe_rom_1slot.v Line: 86
Info (12128): Elaborating entity "jtframe_romrq" for hierarchy "emu:emu|jtsftm_game_sdram:u_game|jtframe_rom_1slot:u_bank2|jtframe_rom_2slots:u_2slots|jtframe_romrq:u_slot0" File: /workspace/modules/jtframe/hdl/sdram/jtframe_rom_2slots.v Line: 102
Info (12128): Elaborating entity "jtframe_romrq_bcache" for hierarchy "emu:emu|jtsftm_game_sdram:u_game|jtframe_rom_1slot:u_bank2|jtframe_rom_2slots:u_2slots|jtframe_romrq:u_slot0|jtframe_romrq_bcache:u_block_cache" File: /workspace/modules/jtframe/hdl/sdram/jtframe_romrq.v Line: 97
Warning (10036): Verilog HDL or VHDL warning at jtframe_romrq_bcache.v(143): object "we_probe" assigned a value but never read File: /workspace/modules/jtframe/hdl/sdram/jtframe_romrq_bcache.v Line: 143
Warning (10036): Verilog HDL or VHDL warning at jtframe_romrq_bcache.v(144): object "dst_probe" assigned a value but never read File: /workspace/modules/jtframe/hdl/sdram/jtframe_romrq_bcache.v Line: 144
Warning (10036): Verilog HDL or VHDL warning at jtframe_romrq_bcache.v(145): object "din_probe" assigned a value but never read File: /workspace/modules/jtframe/hdl/sdram/jtframe_romrq_bcache.v Line: 145
Warning (10036): Verilog HDL or VHDL warning at jtframe_romrq_bcache.v(146): object "addr_probe" assigned a value but never read File: /workspace/modules/jtframe/hdl/sdram/jtframe_romrq_bcache.v Line: 146
Warning (10036): Verilog HDL or VHDL warning at jtframe_romrq_bcache.v(147): object "addr_ok_probe" assigned a value but never read File: /workspace/modules/jtframe/hdl/sdram/jtframe_romrq_bcache.v Line: 147
Warning (10036): Verilog HDL or VHDL warning at jtframe_romrq_bcache.v(148): object "hit0_probe" assigned a value but never read File: /workspace/modules/jtframe/hdl/sdram/jtframe_romrq_bcache.v Line: 148
Warning (10036): Verilog HDL or VHDL warning at jtframe_romrq_bcache.v(149): object "hit1_probe" assigned a value but never read File: /workspace/modules/jtframe/hdl/sdram/jtframe_romrq_bcache.v Line: 149
Warning (10036): Verilog HDL or VHDL warning at jtframe_romrq_bcache.v(150): object "req_probe" assigned a value but never read File: /workspace/modules/jtframe/hdl/sdram/jtframe_romrq_bcache.v Line: 150
Warning (10036): Verilog HDL or VHDL warning at jtframe_romrq_bcache.v(151): object "data_ok_probe" assigned a value but never read File: /workspace/modules/jtframe/hdl/sdram/jtframe_romrq_bcache.v Line: 151
Warning (10230): Verilog HDL assignment warning at jtframe_romrq_bcache.v(114): truncated value with size 24 to match size of target (23) File: /workspace/modules/jtframe/hdl/sdram/jtframe_romrq_bcache.v Line: 114
Info (12128): Elaborating entity "jtframe_ram1_3slots" for hierarchy "emu:emu|jtsftm_game_sdram:u_game|jtframe_ram1_3slots:u_bank3" File: /workspace/cores/sftm/mister/jtsftm_game_sdram.v Line: 486
Info (12128): Elaborating entity "jtframe_ram_rq" for hierarchy "emu:emu|jtsftm_game_sdram:u_game|jtframe_ram1_3slots:u_bank3|jtframe_ram_rq:u_slot0" File: /workspace/modules/jtframe/hdl/sdram/jtframe_ram1_3slots.v Line: 121
Info (12128): Elaborating entity "jtframe_romrq" for hierarchy "emu:emu|jtsftm_game_sdram:u_game|jtframe_ram1_3slots:u_bank3|jtframe_romrq:u_slot1" File: /workspace/modules/jtframe/hdl/sdram/jtframe_ram1_3slots.v Line: 141
Info (12128): Elaborating entity "jtframe_romrq_bcache" for hierarchy "emu:emu|jtsftm_game_sdram:u_game|jtframe_ram1_3slots:u_bank3|jtframe_romrq:u_slot1|jtframe_romrq_bcache:u_block_cache" File: /workspace/modules/jtframe/hdl/sdram/jtframe_romrq.v Line: 97
Warning (10036): Verilog HDL or VHDL warning at jtframe_romrq_bcache.v(143): object "we_probe" assigned a value but never read File: /workspace/modules/jtframe/hdl/sdram/jtframe_romrq_bcache.v Line: 143
Warning (10036): Verilog HDL or VHDL warning at jtframe_romrq_bcache.v(144): object "dst_probe" assigned a value but never read File: /workspace/modules/jtframe/hdl/sdram/jtframe_romrq_bcache.v Line: 144
Warning (10036): Verilog HDL or VHDL warning at jtframe_romrq_bcache.v(145): object "din_probe" assigned a value but never read File: /workspace/modules/jtframe/hdl/sdram/jtframe_romrq_bcache.v Line: 145
Warning (10036): Verilog HDL or VHDL warning at jtframe_romrq_bcache.v(146): object "addr_probe" assigned a value but never read File: /workspace/modules/jtframe/hdl/sdram/jtframe_romrq_bcache.v Line: 146
Warning (10036): Verilog HDL or VHDL warning at jtframe_romrq_bcache.v(147): object "addr_ok_probe" assigned a value but never read File: /workspace/modules/jtframe/hdl/sdram/jtframe_romrq_bcache.v Line: 147
Warning (10036): Verilog HDL or VHDL warning at jtframe_romrq_bcache.v(148): object "hit0_probe" assigned a value but never read File: /workspace/modules/jtframe/hdl/sdram/jtframe_romrq_bcache.v Line: 148
Warning (10036): Verilog HDL or VHDL warning at jtframe_romrq_bcache.v(149): object "hit1_probe" assigned a value but never read File: /workspace/modules/jtframe/hdl/sdram/jtframe_romrq_bcache.v Line: 149
Warning (10036): Verilog HDL or VHDL warning at jtframe_romrq_bcache.v(150): object "req_probe" assigned a value but never read File: /workspace/modules/jtframe/hdl/sdram/jtframe_romrq_bcache.v Line: 150
Warning (10036): Verilog HDL or VHDL warning at jtframe_romrq_bcache.v(151): object "data_ok_probe" assigned a value but never read File: /workspace/modules/jtframe/hdl/sdram/jtframe_romrq_bcache.v Line: 151
Info (12128): Elaborating entity "jtframe_romrq" for hierarchy "emu:emu|jtsftm_game_sdram:u_game|jtframe_ram1_3slots:u_bank3|jtframe_romrq:u_slot2" File: /workspace/modules/jtframe/hdl/sdram/jtframe_ram1_3slots.v Line: 161
Info (12128): Elaborating entity "jtframe_romrq_bcache" for hierarchy "emu:emu|jtsftm_game_sdram:u_game|jtframe_ram1_3slots:u_bank3|jtframe_romrq:u_slot2|jtframe_romrq_bcache:u_block_cache" File: /workspace/modules/jtframe/hdl/sdram/jtframe_romrq.v Line: 97
Warning (10036): Verilog HDL or VHDL warning at jtframe_romrq_bcache.v(143): object "we_probe" assigned a value but never read File: /workspace/modules/jtframe/hdl/sdram/jtframe_romrq_bcache.v Line: 143
Warning (10036): Verilog HDL or VHDL warning at jtframe_romrq_bcache.v(144): object "dst_probe" assigned a value but never read File: /workspace/modules/jtframe/hdl/sdram/jtframe_romrq_bcache.v Line: 144
Warning (10036): Verilog HDL or VHDL warning at jtframe_romrq_bcache.v(145): object "din_probe" assigned a value but never read File: /workspace/modules/jtframe/hdl/sdram/jtframe_romrq_bcache.v Line: 145
Warning (10036): Verilog HDL or VHDL warning at jtframe_romrq_bcache.v(146): object "addr_probe" assigned a value but never read File: /workspace/modules/jtframe/hdl/sdram/jtframe_romrq_bcache.v Line: 146
Warning (10036): Verilog HDL or VHDL warning at jtframe_romrq_bcache.v(147): object "addr_ok_probe" assigned a value but never read File: /workspace/modules/jtframe/hdl/sdram/jtframe_romrq_bcache.v Line: 147
Warning (10036): Verilog HDL or VHDL warning at jtframe_romrq_bcache.v(148): object "hit0_probe" assigned a value but never read File: /workspace/modules/jtframe/hdl/sdram/jtframe_romrq_bcache.v Line: 148
Warning (10036): Verilog HDL or VHDL warning at jtframe_romrq_bcache.v(149): object "hit1_probe" assigned a value but never read File: /workspace/modules/jtframe/hdl/sdram/jtframe_romrq_bcache.v Line: 149
Warning (10036): Verilog HDL or VHDL warning at jtframe_romrq_bcache.v(150): object "req_probe" assigned a value but never read File: /workspace/modules/jtframe/hdl/sdram/jtframe_romrq_bcache.v Line: 150
Warning (10036): Verilog HDL or VHDL warning at jtframe_romrq_bcache.v(151): object "data_ok_probe" assigned a value but never read File: /workspace/modules/jtframe/hdl/sdram/jtframe_romrq_bcache.v Line: 151
Info (12128): Elaborating entity "jtframe_ramslot_ctrl" for hierarchy "emu:emu|jtsftm_game_sdram:u_game|jtframe_ram1_3slots:u_bank3|jtframe_ramslot_ctrl:u_ctrl" File: /workspace/modules/jtframe/hdl/sdram/jtframe_ram1_3slots.v Line: 185
Info (12128): Elaborating entity "jtframe_gated_cen" for hierarchy "emu:emu|jtsftm_game_sdram:u_game|jtframe_gated_cen:u_cen0_clk" File: /workspace/cores/sftm/mister/jtsftm_game_sdram.v Line: 504
Info (12128): Elaborating entity "jtframe_freqinfo" for hierarchy "emu:emu|jtsftm_game_sdram:u_game|jtframe_gated_cen:u_cen0_clk|jtframe_freqinfo:u_info" File: /workspace/modules/jtframe/hdl/clocking/jtframe_gated_cen.v Line: 111
Info (12128): Elaborating entity "jtframe_bcd_cnt" for hierarchy "emu:emu|jtsftm_game_sdram:u_game|jtframe_gated_cen:u_cen0_clk|jtframe_freqinfo:u_info|jtframe_bcd_cnt:u_bcd" File: /workspace/modules/jtframe/hdl/clocking/jtframe_freqinfo.v Line: 84
Info (12128): Elaborating entity "jtframe_gated_cen" for hierarchy "emu:emu|jtsftm_game_sdram:u_game|jtframe_gated_cen:u_cen1_clk" File: /workspace/cores/sftm/mister/jtsftm_game_sdram.v Line: 515
Info (12128): Elaborating entity "jtframe_gated_cen" for hierarchy "emu:emu|jtsftm_game_sdram:u_game|jtframe_gated_cen:u_cen2_clk" File: /workspace/cores/sftm/mister/jtsftm_game_sdram.v Line: 526
Info (12128): Elaborating entity "jtframe_freqinfo" for hierarchy "emu:emu|jtsftm_game_sdram:u_game|jtframe_gated_cen:u_cen2_clk|jtframe_freqinfo:u_info" File: /workspace/modules/jtframe/hdl/clocking/jtframe_gated_cen.v Line: 111
Info (12128): Elaborating entity "jtframe_bcd_cnt" for hierarchy "emu:emu|jtsftm_game_sdram:u_game|jtframe_gated_cen:u_cen2_clk|jtframe_freqinfo:u_info|jtframe_bcd_cnt:u_bcd" File: /workspace/modules/jtframe/hdl/clocking/jtframe_freqinfo.v Line: 84
Warning (12030): Port "extclk" on the entity instantiation of "cyclonev_pll" is connected to a signal of width 1. The formal width of the signal in the module is 2.  The extra bits will be left dangling without any fan-out logic. File: /opt/intelFPGA_lite/21.1/quartus/libraries/megafunctions/altera_pll.v Line: 2224
Warning (14284): Synthesized away the following node(s):
    Warning (14285): Synthesized away the following LCELL buffer node(s):
        Warning (14320): Synthesized away node "pll_hdmi:pll_hdmi|pll_hdmi_0002:pll_hdmi_inst|altera_pll:altera_pll_i|cntsel_temp[4]" File: /opt/intelFPGA_lite/21.1/quartus/libraries/megafunctions/altera_pll.v Line: 425
        Warning (14320): Synthesized away node "pll_hdmi:pll_hdmi|pll_hdmi_0002:pll_hdmi_inst|altera_pll:altera_pll_i|cntsel_temp[3]" File: /opt/intelFPGA_lite/21.1/quartus/libraries/megafunctions/altera_pll.v Line: 425
        Warning (14320): Synthesized away node "pll_hdmi:pll_hdmi|pll_hdmi_0002:pll_hdmi_inst|altera_pll:altera_pll_i|cntsel_temp[2]" File: /opt/intelFPGA_lite/21.1/quartus/libraries/megafunctions/altera_pll.v Line: 425
        Warning (14320): Synthesized away node "pll_hdmi:pll_hdmi|pll_hdmi_0002:pll_hdmi_inst|altera_pll:altera_pll_i|cntsel_temp[1]" File: /opt/intelFPGA_lite/21.1/quartus/libraries/megafunctions/altera_pll.v Line: 425
        Warning (14320): Synthesized away node "pll_hdmi:pll_hdmi|pll_hdmi_0002:pll_hdmi_inst|altera_pll:altera_pll_i|cntsel_temp[0]" File: /opt/intelFPGA_lite/21.1/quartus/libraries/megafunctions/altera_pll.v Line: 425
        Warning (14320): Synthesized away node "pll_hdmi:pll_hdmi|pll_hdmi_0002:pll_hdmi_inst|altera_pll:altera_pll_i|gnd" File: /opt/intelFPGA_lite/21.1/quartus/libraries/megafunctions/altera_pll.v Line: 427
    Warning (14285): Synthesized away the following PLL node(s):
        Warning (14320): Synthesized away node "emu:emu|pll:pll|pll_0002:pll_inst|altera_pll:altera_pll_i|outclk_wire[2]" File: /opt/intelFPGA_lite/21.1/quartus/libraries/megafunctions/altera_pll.v Line: 749
        Warning (14320): Synthesized away node "emu:emu|pll:pll|pll_0002:pll_inst|altera_pll:altera_pll_i|outclk_wire[3]" File: /opt/intelFPGA_lite/21.1/quartus/libraries/megafunctions/altera_pll.v Line: 749
        Warning (14320): Synthesized away node "emu:emu|pll:pll|pll_0002:pll_inst|altera_pll:altera_pll_i|outclk_wire[4]" File: /opt/intelFPGA_lite/21.1/quartus/libraries/megafunctions/altera_pll.v Line: 749
        Warning (14320): Synthesized away node "emu:emu|pll:pll|pll_0002:pll_inst|altera_pll:altera_pll_i|outclk_wire[5]" File: /opt/intelFPGA_lite/21.1/quartus/libraries/megafunctions/altera_pll.v Line: 749
Info (19018): Gated clocks are found and converted to use clock enables
    Info (19019): Convert gated clock comb~synth
Info (286030): Timing-Driven Synthesis is running
Warning (276020): Inferred RAM node "emu:emu|jtsftm_game_sdram:u_game|jtsftm_game:u_game|sftm_video:u_video|sftm_vram:u_vram|wfifo_rtl_0" from synchronous design logic.  Pass-through logic has been added to match the read-during-write behavior of the original design.
Warning (276020): Inferred RAM node "emu:emu|jtsftm_game_sdram:u_game|jtsftm_game:u_game|sftm_main:u_main|TG68KdotC_Kernel:u_cpu|regfile_rtl_0" from synchronous design logic.  Pass-through logic has been added to match the read-during-write behavior of the original design.
Warning (276027): Inferred dual-clock RAM node "shadowmask:HDMI_shadowmask|mask_lut_rtl_0" from synchronous design logic.  The read-during-write behavior of a dual-clock RAM is undefined and may not match the behavior of the original design.
Warning (276027): Inferred dual-clock RAM node "ascal:ascal|o_dpram_rtl_0" from synchronous design logic.  The read-during-write behavior of a dual-clock RAM is undefined and may not match the behavior of the original design.
Warning (276027): Inferred dual-clock RAM node "ascal:ascal|o_h_poly_mem_rtl_0" from synchronous design logic.  The read-during-write behavior of a dual-clock RAM is undefined and may not match the behavior of the original design.
Warning (276027): Inferred dual-clock RAM node "ascal:ascal|o_v_poly_mem_rtl_0" from synchronous design logic.  The read-during-write behavior of a dual-clock RAM is undefined and may not match the behavior of the original design.
Warning (276027): Inferred dual-clock RAM node "ascal:ascal|o_a_poly_mem_rtl_0" from synchronous design logic.  The read-during-write behavior of a dual-clock RAM is undefined and may not match the behavior of the original design.
Info (276014): Found 9 instances of uninferred RAM logic
    Info (276007): RAM logic "emu:emu|jtsftm_game_sdram:u_game|jtsftm_game:u_game|sftm_snd:u_snd|sftm5506:u_es|ulaw_lut" is uninferred due to asynchronous read logic File: /workspace/cores/sftm/hdl/sftm5506.v Line: 136
    Info (276007): RAM logic "emu:emu|jtsftm_game_sdram:u_game|jtsftm_game:u_game|sftm_main:u_main|TG68KdotC_Kernel:u_cpu|regfile" is uninferred due to asynchronous read logic File: /workspace/cores/sftm/hdl/tg68k/TG68KdotC_Kernel.vhd Line: 186
    Info (276006): RAM logic "emu:emu|jtframe_mister:u_frame|hps_io:u_hps_io|ps2_device:keyboard|fifo" is uninferred due to "logic" being set as ramstyle synthesis attribute File: /workspace/modules/jtframe/target/mister/hdl/sys/hps_io.sv Line: 736
    Info (276004): RAM logic "emu:emu|jtframe_mister:u_frame|jtframe_resync:u_resync|hs_pos" is uninferred due to inappropriate RAM size File: /workspace/modules/jtframe/hdl/video/jtframe_resync.v Line: 35
    Info (276004): RAM logic "emu:emu|jtframe_mister:u_frame|jtframe_resync:u_resync|vs_hpos" is uninferred due to inappropriate RAM size File: /workspace/modules/jtframe/hdl/video/jtframe_resync.v Line: 35
    Info (276004): RAM logic "emu:emu|jtframe_mister:u_frame|jtframe_resync:u_resync|vs_vpos" is uninferred due to inappropriate RAM size File: /workspace/modules/jtframe/hdl/video/jtframe_resync.v Line: 35
    Info (276004): RAM logic "emu:emu|jtframe_mister:u_frame|jtframe_resync:u_resync|hs_len" is uninferred due to inappropriate RAM size File: /workspace/modules/jtframe/hdl/video/jtframe_resync.v Line: 36
    Info (276004): RAM logic "emu:emu|jtframe_mister:u_frame|jtframe_resync:u_resync|vs_len" is uninferred due to inappropriate RAM size File: /workspace/modules/jtframe/hdl/video/jtframe_resync.v Line: 36
    I